;GHI
0;0
1;0
2;0
3;0
4;0
5;0
6;0
7;56
8;110
9;355
10;135
11;384
12;628
13;808
14;874
15;795
16;549
17;316
18;77
19;0
20;0
21;0
22;0
23;0
24;0
25;0
26;0
27;0
28;0
29;0
30;0
31;49
32;155
33;220
34;313
35;855
36;995
37;1089
38;964
39;623
40;568
41;57
42;67
43;0
44;0
45;0
46;0
47;0
48;0
49;0
50;0
51;0
52;0
53;0
54;0
55;33
56;50
57;189
58;176
59;415
60;94
61;95
62;88
63;74
64;83
65;92
66;131
67;0
68;0
69;0
70;0
71;0
72;0
73;0
74;0
75;0
76;0
77;0
78;0
79;25
80;78
81;107
82;326
83;765
84;905
85;844
86;945
87;420
88;56
89;35
90;93
91;0
92;0
93;0
94;0
95;0
96;0
97;0
98;0
99;0
100;0
101;0
102;0
103;65
104;74
105;259
106;574
107;749
108;917
109;974
110;962
111;332
112;589
113;330
114;123
115;0
116;0
117;0
118;0
119;0
120;0
121;0
122;0
123;0
124;0
125;0
126;0
127;124
128;383
129;501
130;670
131;885
132;742
133;981
134;990
135;829
136;614
137;296
138;147
139;0
140;0
141;0
142;0
143;0
144;0
145;0
146;0
147;0
148;0
149;0
150;0
151;91
152;145
153;403
154;519
155;853
156;985
157;862
158;701
159;75
160;62
161;88
162;69
163;0
164;0
165;0
166;0
167;0
168;0
169;0
170;0
171;0
172;0
173;0
174;0
175;39
176;280
177;512
178;709
179;884
180;1047
181;891
182;655
183;855
184;601
185;311
186;134
187;0
188;0
189;0
190;0
191;0
192;0
193;0
194;0
195;0
196;0
197;0
198;0
199;58
200;358
201;603
202;518
203;930
204;124
205;95
206;88
207;75
208;113
209;60
210;118
211;0
212;0
213;0
214;0
215;0
216;0
217;0
218;0
219;0
220;0
221;0
222;0
223;21
224;145
225;119
226;495
227;852
228;934
229;915
230;477
231;799
232;419
233;172
234;79
235;0
236;0
237;0
238;0
239;0
240;0
241;0
242;0
243;0
244;0
245;0
246;0
247;25
248;54
249;255
250;209
251;648
252;652
253;717
254;916
255;602
256;413
257;396
258;155
259;0
260;0
261;0
262;0
263;0
264;0
265;0
266;0
267;0
268;0
269;0
270;0
271;52
272;33
273;55
274;96
275;87
276;145
277;191
278;489
279;386
280;634
281;230
282;140
283;0
284;0
285;0
286;0
287;0
288;0
289;0
290;0
291;0
292;0
293;0
294;0
295;18
296;58
297;254
298;437
299;523
300;907
301;957
302;712
303;554
304;58
305;57
306;14
307;0
308;0
309;0
310;0
311;0
312;0
313;0
314;0
315;0
316;0
317;0
318;0
319;83
320;229
321;88
322;199
323;424
324;788
325;525
326;474
327;256
328;118
329;240
330;96
331;0
332;0
333;0
334;0
335;0
336;0
337;0
338;0
339;0
340;0
341;0
342;0
343;47
344;116
345;305
346;585
347;622
348;483
349;879
350;729
351;433
352;58
353;210
354;154
355;0
356;0
357;0
358;0
359;0
360;0
361;0
362;0
363;0
364;0
365;0
366;0
367;12
368;169
369;101
370;265
371;601
372;998
373;293
374;117
375;82
376;72
377;242
378;31
379;0
380;0
381;0
382;0
383;0
384;0
385;0
386;0
387;0
388;0
389;0
390;0
391;34
392;88
393;232
394;343
395;559
396;602
397;102
398;635
399;735
400;196
401;130
402;14
403;0
404;0
405;0
406;0
407;0
408;0
409;0
410;0
411;0
412;0
413;0
414;0
415;10
416;80
417;154
418;173
419;148
420;433
421;1017
422;89
423;136
424;622
425;126
426;77
427;0
428;0
429;0
430;0
431;0
432;0
433;0
434;0
435;0
436;0
437;0
438;0
439;15
440;187
441;587
442;757
443;819
444;965
445;801
446;684
447;838
448;648
449;195
450;147
451;0
452;0
453;0
454;0
455;0
456;0
457;0
458;0
459;0
460;0
461;0
462;0
463;96
464;162
465;399
466;800
467;928
468;823
469;853
470;915
471;665
472;649
473;346
474;107
475;0
476;0
477;0
478;0
479;0
480;0
481;0
482;0
483;0
484;0
485;0
486;0
487;109
488;361
489;607
490;808
491;927
492;988
493;1036
494;515
495;83
496;59
497;51
498;62
499;0
500;0
501;0
502;0
503;0
504;0
505;0
506;0
507;0
508;0
509;0
510;0
511;31
512;59
513;149
514;402
515;105
516;95
517;96
518;90
519;77
520;85
521;45
522;15
523;0
524;0
525;0
526;0
527;0
528;0
529;0
530;0
531;0
532;0
533;0
534;0
535;18
536;54
537;191
538;742
539;985
540;796
541;878
542;784
543;870
544;666
545;324
546;133
547;0
548;0
549;0
550;0
551;0
552;0
553;0
554;0
555;0
556;0
557;0
558;0
559;90
560;343
561;594
562;811
563;979
564;1063
565;1021
566;324
567;687
568;583
569;244
570;75
571;0
572;0
573;0
574;0
575;0
576;0
577;0
578;0
579;0
580;0
581;0
582;0
583;45
584;160
585;187
586;401
587;397
588;768
589;959
590;699
591;430
592;506
593;196
594;88
595;0
596;0
597;0
598;0
599;0
600;0
601;0
602;0
603;0
604;0
605;0
606;0
607;44
608;288
609;586
610;740
611;657
612;904
613;1034
614;791
615;606
616;309
617;37
618;41
619;0
620;0
621;0
622;0
623;0
624;0
625;0
626;0
627;0
628;0
629;0
630;0
631;33
632;118
633;361
634;600
635;703
636;666
637;335
638;491
639;330
640;82
641;84
642;53
643;0
644;0
645;0
646;0
647;0
648;0
649;0
650;0
651;0
652;0
653;0
654;0
655;27
656;129
657;135
658;232
659;278
660;723
661;714
662;539
663;598
664;334
665;172
666;106
667;0
668;0
669;0
670;0
671;0
672;0
673;0
674;0
675;0
676;0
677;0
678;0
679;40
680;154
681;525
682;786
683;968
684;1081
685;1109
686;863
687;853
688;664
689;372
690;164
691;0
692;0
693;0
694;0
695;0
696;0
697;0
698;0
699;0
700;0
701;0
702;0
703;61
704;300
705;540
706;794
707;984
708;1076
709;1013
710;804
711;825
712;406
713;361
714;153
715;0
716;0
717;0
718;0
719;0
720;0
721;0
722;0
723;0
724;0
725;0
726;0
727;14
728;31
729;87
730;296
731;184
732;208
733;187
734;178
735;868
736;669
737;368
738;165
739;0
740;0
741;0
742;0
743;0
744;0
745;0
746;0
747;0
748;0
749;0
750;0
751;76
752;119
753;381
754;603
755;777
756;912
757;1050
758;882
759;642
760;678
761;373
762;130
763;0
764;0
765;0
766;0
767;0
768;0
769;0
770;0
771;0
772;0
773;0
774;0
775;34
776;93
777;159
778;92
779;133
780;327
781;739
782;953
783;884
784;621
785;389
786;98
787;0
788;0
789;0
790;0
791;0
792;0
793;0
794;0
795;0
796;0
797;0
798;0
799;58
800;167
801;493
802;711
803;880
804;1050
805;1022
806;850
807;778
808;660
809;416
810;146
811;0
812;0
813;0
814;0
815;0
816;0
817;0
818;0
819;0
820;0
821;0
822;0
823;52
824;329
825;587
826;810
827;969
828;1038
829;953
830;899
831;853
832;668
833;416
834;124
835;0
836;0
837;0
838;0
839;0
840;0
841;0
842;0
843;0
844;0
845;0
846;0
847;80
848;197
849;322
850;671
851;864
852;1033
853;925
854;204
855;276
856;308
857;247
858;124
859;0
860;0
861;0
862;0
863;0
864;0
865;0
866;0
867;0
868;0
869;0
870;0
871;13
872;119
873;177
874;278
875;563
876;708
877;648
878;705
879;863
880;636
881;303
882;166
883;0
884;0
885;0
886;0
887;0
888;0
889;0
890;0
891;0
892;0
893;0
894;0
895;33
896;106
897;403
898;571
899;542
900;577
901;706
902;500
903;295
904;536
905;346
906;134
907;0
908;0
909;0
910;0
911;0
912;0
913;0
914;0
915;0
916;0
917;0
918;0
919;8
920;74
921;195
922;135
923;158
924;287
925;161
926;148
927;211
928;215
929;204
930;71
931;0
932;0
933;0
934;0
935;0
936;0
937;0
938;0
939;0
940;0
941;0
942;0
943;60
944;116
945;439
946;583
947;588
948;936
949;891
950;1015
951;760
952;279
953;260
954;54
955;0
956;0
957;0
958;0
959;0
960;0
961;0
962;0
963;0
964;0
965;0
966;0
967;73
968;321
969;570
970;799
971;905
972;1016
973;931
974;993
975;830
976;379
977;85
978;38
979;0
980;0
981;0
982;0
983;0
984;0
985;0
986;0
987;0
988;0
989;0
990;0
991;38
992;258
993;479
994;626
995;791
996;993
997;989
998;1020
999;821
1000;646
1001;422
1002;27
1003;0
1004;0
1005;0
1006;0
1007;0
1008;0
1009;0
1010;0
1011;0
1012;0
1013;0
1014;0
1015;52
1016;43
1017;105
1018;217
1019;443
1020;463
1021;729
1022;982
1023;402
1024;293
1025;250
1026;78
1027;0
1028;0
1029;0
1030;0
1031;0
1032;0
1033;0
1034;0
1035;0
1036;0
1037;0
1038;0
1039;17
1040;76
1041;390
1042;698
1043;868
1044;924
1045;845
1046;646
1047;844
1048;621
1049;398
1050;32
1051;0
1052;0
1053;0
1054;0
1055;0
1056;0
1057;0
1058;0
1059;0
1060;0
1061;0
1062;0
1063;31
1064;81
1065;259
1066;762
1067;920
1068;1067
1069;1081
1070;1003
1071;862
1072;659
1073;390
1074;129
1075;0
1076;0
1077;0
1078;0
1079;0
1080;0
1081;0
1082;0
1083;0
1084;0
1085;0
1086;0
1087;78
1088;322
1089;539
1090;805
1091;956
1092;1032
1093;954
1094;278
1095;852
1096;385
1097;37
1098;75
1099;0
1100;0
1101;0
1102;0
1103;0
1104;0
1105;0
1106;0
1107;0
1108;0
1109;0
1110;0
1111;62
1112;260
1113;566
1114;805
1115;966
1116;1038
1117;1006
1118;965
1119;782
1120;672
1121;382
1122;121
1123;0
1124;0
1125;0
1126;0
1127;0
1128;0
1129;0
1130;0
1131;0
1132;0
1133;0
1134;0
1135;28
1136;29
1137;135
1138;229
1139;515
1140;992
1141;1063
1142;1013
1143;842
1144;593
1145;297
1146;84
1147;0
1148;0
1149;0
1150;0
1151;0
1152;0
1153;0
1154;0
1155;0
1156;0
1157;0
1158;0
1159;61
1160;320
1161;571
1162;774
1163;971
1164;1089
1165;1104
1166;1035
1167;896
1168;508
1169;429
1170;145
1171;0
1172;0
1173;0
1174;0
1175;0
1176;0
1177;0
1178;0
1179;0
1180;0
1181;0
1182;0
1183;51
1184;233
1185;493
1186;645
1187;789
1188;115
1189;96
1190;90
1191;164
1192;372
1193;251
1194;97
1195;0
1196;0
1197;0
1198;0
1199;0
1200;0
1201;0
1202;0
1203;0
1204;0
1205;0
1206;0
1207;59
1208;331
1209;570
1210;807
1211;970
1212;1031
1213;1033
1214;995
1215;770
1216;662
1217;405
1218;152
1219;0
1220;0
1221;0
1222;0
1223;0
1224;0
1225;0
1226;0
1227;0
1228;0
1229;0
1230;0
1231;72
1232;311
1233;576
1234;807
1235;970
1236;1076
1237;1079
1238;1011
1239;830
1240;636
1241;298
1242;74
1243;0
1244;0
1245;0
1246;0
1247;0
1248;0
1249;0
1250;0
1251;0
1252;0
1253;0
1254;0
1255;57
1256;293
1257;439
1258;712
1259;938
1260;877
1261;687
1262;118
1263;108
1264;114
1265;189
1266;83
1267;0
1268;0
1269;0
1270;0
1271;0
1272;0
1273;0
1274;0
1275;0
1276;0
1277;0
1278;0
1279;34
1280;57
1281;417
1282;750
1283;860
1284;802
1285;738
1286;950
1287;551
1288;626
1289;385
1290;132
1291;0
1292;0
1293;0
1294;0
1295;0
1296;0
1297;0
1298;0
1299;0
1300;0
1301;0
1302;0
1303;51
1304;248
1305;513
1306;758
1307;720
1308;989
1309;1060
1310;1008
1311;869
1312;607
1313;406
1314;136
1315;0
1316;0
1317;0
1318;0
1319;0
1320;0
1321;0
1322;0
1323;0
1324;0
1325;0
1326;0
1327;56
1328;223
1329;383
1330;749
1331;875
1332;1057
1333;996
1334;604
1335;757
1336;309
1337;56
1338;18
1339;0
1340;0
1341;0
1342;0
1343;0
1344;0
1345;0
1346;0
1347;0
1348;0
1349;0
1350;0
1351;50
1352;266
1353;484
1354;719
1355;915
1356;954
1357;891
1358;990
1359;783
1360;395
1361;36
1362;13
1363;0
1364;0
1365;0
1366;0
1367;0
1368;0
1369;0
1370;0
1371;0
1372;0
1373;0
1374;0
1375;17
1376;67
1377;278
1378;313
1379;219
1380;399
1381;696
1382;769
1383;520
1384;471
1385;98
1386;29
1387;0
1388;0
1389;0
1390;0
1391;0
1392;0
1393;0
1394;0
1395;0
1396;0
1397;0
1398;0
1399;36
1400;91
1401;376
1402;646
1403;445
1404;788
1405;1056
1406;1004
1407;858
1408;629
1409;83
1410;113
1411;0
1412;0
1413;0
1414;0
1415;0
1416;0
1417;0
1418;0
1419;0
1420;0
1421;0
1422;0
1423;89
1424;235
1425;283
1426;461
1427;583
1428;889
1429;910
1430;730
1431;522
1432;443
1433;232
1434;47
1435;0
1436;0
1437;0
1438;0
1439;0
1440;0
1441;0
1442;0
1443;0
1444;0
1445;0
1446;0
1447;39
1448;251
1449;362
1450;546
1451;528
1452;474
1453;757
1454;597
1455;754
1456;447
1457;265
1458;44
1459;0
1460;0
1461;0
1462;0
1463;0
1464;0
1465;0
1466;0
1467;0
1468;0
1469;0
1470;0
1471;15
1472;45
1473;121
1474;395
1475;832
1476;962
1477;1049
1478;682
1479;329
1480;156
1481;106
1482;43
1483;0
1484;0
1485;0
1486;0
1487;0
1488;0
1489;0
1490;0
1491;0
1492;0
1493;0
1494;0
1495;65
1496;143
1497;119
1498;446
1499;619
1500;886
1501;199
1502;106
1503;100
1504;65
1505;99
1506;27
1507;0
1508;0
1509;0
1510;0
1511;0
1512;0
1513;0
1514;0
1515;0
1516;0
1517;0
1518;0
1519;17
1520;65
1521;455
1522;441
1523;419
1524;346
1525;401
1526;143
1527;179
1528;251
1529;112
1530;24
1531;0
1532;0
1533;0
1534;0
1535;0
1536;0
1537;0
1538;0
1539;0
1540;0
1541;0
1542;0
1543;18
1544;38
1545;79
1546;126
1547;146
1548;216
1549;534
1550;577
1551;438
1552;238
1553;129
1554;33
1555;0
1556;0
1557;0
1558;0
1559;0
1560;0
1561;0
1562;0
1563;0
1564;0
1565;0
1566;0
1567;33
1568;70
1569;102
1570;310
1571;450
1572;854
1573;769
1574;803
1575;691
1576;510
1577;273
1578;37
1579;0
1580;0
1581;0
1582;0
1583;0
1584;0
1585;0
1586;0
1587;0
1588;0
1589;0
1590;0
1591;144
1592;375
1593;655
1594;870
1595;974
1596;985
1597;566
1598;691
1599;329
1600;74
1601;96
1602;19
1603;0
1604;0
1605;0
1606;0
1607;0
1608;0
1609;0
1610;0
1611;0
1612;0
1613;0
1614;0
1615;35
1616;99
1617;96
1618;176
1619;471
1620;784
1621;755
1622;418
1623;409
1624;201
1625;164
1626;19
1627;0
1628;0
1629;0
1630;0
1631;0
1632;0
1633;0
1634;0
1635;0
1636;0
1637;0
1638;0
1639;45
1640;228
1641;107
1642;365
1643;271
1644;691
1645;932
1646;693
1647;705
1648;410
1649;270
1650;29
1651;0
1652;0
1653;0
1654;0
1655;0
1656;0
1657;0
1658;0
1659;0
1660;0
1661;0
1662;0
1663;65
1664;315
1665;571
1666;882
1667;1030
1668;1072
1669;964
1670;426
1671;68
1672;87
1673;119
1674;23
1675;0
1676;0
1677;0
1678;0
1679;0
1680;0
1681;0
1682;0
1683;0
1684;0
1685;0
1686;0
1687;68
1688;269
1689;621
1690;844
1691;873
1692;883
1693;1018
1694;420
1695;220
1696;246
1697;35
1698;13
1699;0
1700;0
1701;0
1702;0
1703;0
1704;0
1705;0
1706;0
1707;0
1708;0
1709;0
1710;0
1711;70
1712;262
1713;502
1714;629
1715;705
1716;933
1717;999
1718;917
1719;674
1720;384
1721;246
1722;15
1723;0
1724;0
1725;0
1726;0
1727;0
1728;0
1729;0
1730;0
1731;0
1732;0
1733;0
1734;0
1735;144
1736;423
1737;648
1738;893
1739;0
1740;1094
1741;659
1742;825
1743;765
1744;66
1745;125
1746;20
1747;0
1748;0
1749;0
1750;0
1751;0
1752;0
1753;0
1754;0
1755;0
1756;0
1757;0
1758;0
1759;153
1760;304
1761;330
1762;702
1763;955
1764;828
1765;1065
1766;907
1767;726
1768;474
1769;113
1770;14
1771;0
1772;0
1773;0
1774;0
1775;0
1776;0
1777;0
1778;0
1779;0
1780;0
1781;0
1782;0
1783;170
1784;427
1785;540
1786;831
1787;873
1788;820
1789;971
1790;668
1791;683
1792;287
1793;185
1794;18
1795;0
1796;0
1797;0
1798;0
1799;0
1800;0
1801;0
1802;0
1803;0
1804;0
1805;0
1806;0
1807;157
1808;410
1809;564
1810;589
1811;781
1812;1022
1813;348
1814;479
1815;732
1816;461
1817;244
1818;20
1819;0
1820;0
1821;0
1822;0
1823;0
1824;0
1825;0
1826;0
1827;0
1828;0
1829;0
1830;0
1831;126
1832;288
1833;507
1834;833
1835;817
1836;413
1837;457
1838;82
1839;87
1840;105
1841;132
1842;11
1843;0
1844;0
1845;0
1846;0
1847;0
1848;0
1849;0
1850;0
1851;0
1852;0
1853;0
1854;0
1855;28
1856;191
1857;663
1858;851
1859;1019
1860;995
1861;975
1862;760
1863;667
1864;496
1865;249
1866;18
1867;0
1868;0
1869;0
1870;0
1871;0
1872;0
1873;0
1874;0
1875;0
1876;0
1877;0
1878;0
1879;144
1880;425
1881;534
1882;697
1883;878
1884;635
1885;891
1886;826
1887;0
1888;364
1889;22
1890;10
1891;0
1892;0
1893;0
1894;0
1895;0
1896;0
1897;0
1898;0
1899;0
1900;0
1901;0
1902;0
1903;137
1904;409
1905;651
1906;848
1907;956
1908;869
1909;383
1910;178
1911;431
1912;507
1913;239
1914;11
1915;0
1916;0
1917;0
1918;0
1919;0
1920;0
1921;0
1922;0
1923;0
1924;0
1925;0
1926;0
1927;116
1928;332
1929;654
1930;856
1931;860
1932;867
1933;91
1934;180
1935;266
1936;221
1937;110
1938;0
1939;0
1940;0
1941;0
1942;0
1943;0
1944;0
1945;0
1946;0
1947;0
1948;0
1949;0
1950;0
1951;58
1952;257
1953;585
1954;832
1955;895
1956;898
1957;354
1958;119
1959;462
1960;479
1961;26
1962;0
1963;0
1964;0
1965;0
1966;0
1967;0
1968;0
1969;0
1970;0
1971;0
1972;0
1973;0
1974;0
1975;15
1976;73
1977;440
1978;0
1979;904
1980;752
1981;838
1982;502
1983;441
1984;494
1985;238
1986;0
1987;0
1988;0
1989;0
1990;0
1991;0
1992;0
1993;0
1994;0
1995;0
1996;0
1997;0
1998;0
1999;160
2000;400
2001;616
2002;820
2003;818
2004;839
2005;771
2006;323
2007;639
2008;483
2009;229
2010;0
2011;0
2012;0
2013;0
2014;0
2015;0
2016;0
2017;0
2018;0
2019;0
2020;0
2021;0
2022;0
2023;127
2024;281
2025;421
2026;700
2027;822
2028;798
2029;839
2030;795
2031;544
2032;405
2033;151
2034;0
2035;0
2036;0
2037;0
2038;0
2039;0
2040;0
2041;0
2042;0
2043;0
2044;0
2045;0
2046;0
2047;116
2048;319
2049;575
2050;740
2051;731
2052;818
2053;896
2054;673
2055;469
2056;304
2057;199
2058;0
2059;0
2060;0
2061;0
2062;0
2063;0
2064;0
2065;0
2066;0
2067;0
2068;0
2069;0
2070;0
2071;72
2072;173
2073;363
2074;634
2075;661
2076;761
2077;156
2078;107
2079;543
2080;287
2081;129
2082;0
2083;0
2084;0
2085;0
2086;0
2087;0
2088;0
2089;0
2090;0
2091;0
2092;0
2093;0
2094;0
2095;52
2096;113
2097;275
2098;247
2099;759
2100;814
2101;443
2102;725
2103;589
2104;91
2105;105
2106;0
2107;0
2108;0
2109;0
2110;0
2111;0
2112;0
2113;0
2114;0
2115;0
2116;0
2117;0
2118;0
2119;90
2120;213
2121;443
2122;768
2123;846
2124;686
2125;1010
2126;576
2127;148
2128;424
2129;165
2130;0
2131;0
2132;0
2133;0
2134;0
2135;0
2136;0
2137;0
2138;0
2139;0
2140;0
2141;0
2142;0
2143;150
2144;411
2145;652
2146;834
2147;870
2148;985
2149;864
2150;668
2151;475
2152;464
2153;200
2154;0
2155;0
2156;0
2157;0
2158;0
2159;0
2160;0
2161;0
2162;0
2163;0
2164;0
2165;0
2166;0
2167;83
2168;234
2169;518
2170;744
2171;858
2172;1045
2173;1006
2174;80
2175;143
2176;68
2177;75
2178;0
2179;0
2180;0
2181;0
2182;0
2183;0
2184;0
2185;0
2186;0
2187;0
2188;0
2189;0
2190;0
2191;110
2192;188
2193;209
2194;706
2195;719
2196;665
2197;847
2198;686
2199;650
2200;471
2201;214
2202;0
2203;0
2204;0
2205;0
2206;0
2207;0
2208;0
2209;0
2210;0
2211;0
2212;0
2213;0
2214;0
2215;105
2216;395
2217;641
2218;672
2219;828
2220;1017
2221;962
2222;248
2223;503
2224;361
2225;103
2226;0
2227;0
2228;0
2229;0
2230;0
2231;0
2232;0
2233;0
2234;0
2235;0
2236;0
2237;0
2238;0
2239;30
2240;194
2241;205
2242;400
2243;437
2244;354
2245;560
2246;747
2247;655
2248;467
2249;44
2250;0
2251;0
2252;0
2253;0
2254;0
2255;0
2256;0
2257;0
2258;0
2259;0
2260;0
2261;0
2262;0
2263;157
2264;267
2265;618
2266;853
2267;776
2268;610
2269;89
2270;312
2271;539
2272;426
2273;114
2274;0
2275;0
2276;0
2277;0
2278;0
2279;0
2280;0
2281;0
2282;0
2283;0
2284;0
2285;0
2286;0
2287;83
2288;246
2289;385
2290;604
2291;247
2292;685
2293;456
2294;859
2295;209
2296;145
2297;113
2298;0
2299;0
2300;0
2301;0
2302;0
2303;0
2304;0
2305;0
2306;0
2307;0
2308;0
2309;0
2310;0
2311;99
2312;38
2313;480
2314;639
2315;752
2316;754
2317;224
2318;435
2319;619
2320;225
2321;68
2322;0
2323;0
2324;0
2325;0
2326;0
2327;0
2328;0
2329;0
2330;0
2331;0
2332;0
2333;0
2334;0
2335;168
2336;421
2337;515
2338;297
2339;174
2340;199
2341;322
2342;345
2343;417
2344;392
2345;175
2346;0
2347;0
2348;0
2349;0
2350;0
2351;0
2352;0
2353;0
2354;0
2355;0
2356;0
2357;0
2358;0
2359;18
2360;229
2361;263
2362;436
2363;504
2364;408
2365;467
2366;344
2367;298
2368;275
2369;155
2370;0
2371;0
2372;0
2373;0
2374;0
2375;0
2376;0
2377;0
2378;0
2379;0
2380;0
2381;0
2382;0
2383;65
2384;278
2385;329
2386;553
2387;559
2388;509
2389;945
2390;702
2391;460
2392;319
2393;178
2394;0
2395;0
2396;0
2397;0
2398;0
2399;0
2400;0
2401;0
2402;0
2403;0
2404;0
2405;0
2406;0
2407;154
2408;182
2409;297
2410;768
2411;491
2412;632
2413;619
2414;336
2415;244
2416;281
2417;191
2418;0
2419;0
2420;0
2421;0
2422;0
2423;0
2424;0
2425;0
2426;0
2427;0
2428;0
2429;0
2430;0
2431;165
2432;411
2433;552
2434;546
2435;546
2436;367
2437;581
2438;806
2439;574
2440;438
2441;186
2442;0
2443;0
2444;0
2445;0
2446;0
2447;0
2448;0
2449;0
2450;0
2451;0
2452;0
2453;0
2454;0
2455;169
2456;417
2457;418
2458;553
2459;688
2460;494
2461;471
2462;456
2463;589
2464;371
2465;119
2466;0
2467;0
2468;0
2469;0
2470;0
2471;0
2472;0
2473;0
2474;0
2475;0
2476;0
2477;0
2478;0
2479;168
2480;418
2481;613
2482;507
2483;380
2484;631
2485;638
2486;685
2487;665
2488;436
2489;173
2490;0
2491;0
2492;0
2493;0
2494;0
2495;0
2496;0
2497;0
2498;0
2499;0
2500;0
2501;0
2502;0
2503;168
2504;417
2505;653
2506;823
2507;929
2508;970
2509;923
2510;859
2511;661
2512;419
2513;181
2514;0
2515;0
2516;0
2517;0
2518;0
2519;0
2520;0
2521;0
2522;0
2523;0
2524;0
2525;0
2526;0
2527;166
2528;416
2529;651
2530;745
2531;881
2532;903
2533;838
2534;545
2535;654
2536;432
2537;179
2538;0
2539;0
2540;0
2541;0
2542;0
2543;0
2544;0
2545;0
2546;0
2547;0
2548;0
2549;0
2550;0
2551;165
2552;417
2553;646
2554;832
2555;929
2556;953
2557;789
2558;829
2559;647
2560;415
2561;179
2562;0
2563;0
2564;0
2565;0
2566;0
2567;0
2568;0
2569;0
2570;0
2571;0
2572;0
2573;0
2574;0
2575;166
2576;414
2577;644
2578;745
2579;835
2580;950
2581;827
2582;732
2583;633
2584;426
2585;174
2586;0
2587;0
2588;0
2589;0
2590;0
2591;0
2592;0
2593;0
2594;0
2595;0
2596;0
2597;0
2598;0
2599;163
2600;397
2601;539
2602;752
2603;752
2604;868
2605;768
2606;391
2607;557
2608;310
2609;146
2610;0
2611;0
2612;0
2613;0
2614;0
2615;0
2616;0
2617;0
2618;0
2619;0
2620;0
2621;0
2622;0
2623;165
2624;411
2625;627
2626;741
2627;473
2628;718
2629;594
2630;531
2631;616
2632;413
2633;165
2634;0
2635;0
2636;0
2637;0
2638;0
2639;0
2640;0
2641;0
2642;0
2643;0
2644;0
2645;0
2646;0
2647;166
2648;403
2649;622
2650;796
2651;842
2652;674
2653;778
2654;771
2655;623
2656;408
2657;165
2658;0
2659;0
2660;0
2661;0
2662;0
2663;0
2664;0
2665;0
2666;0
2667;0
2668;0
2669;0
2670;0
2671;157
2672;409
2673;627
2674;645
2675;695
2676;557
2677;590
2678;347
2679;285
2680;389
2681;155
2682;0
2683;0
2684;0
2685;0
2686;0
2687;0
2688;0
2689;0
2690;0
2691;0
2692;0
2693;0
2694;0
2695;94
2696;194
2697;464
2698;787
2699;757
2700;908
2701;305
2702;803
2703;630
2704;391
2705;167
2706;0
2707;0
2708;0
2709;0
2710;0
2711;0
2712;0
2713;0
2714;0
2715;0
2716;0
2717;0
2718;0
2719;164
2720;406
2721;565
2722;789
2723;909
2724;952
2725;933
2726;83
2727;319
2728;338
2729;148
2730;0
2731;0
2732;0
2733;0
2734;0
2735;0
2736;0
2737;0
2738;0
2739;0
2740;0
2741;0
2742;0
2743;109
2744;224
2745;438
2746;747
2747;787
2748;933
2749;801
2750;779
2751;624
2752;357
2753;156
2754;0
2755;0
2756;0
2757;0
2758;0
2759;0
2760;0
2761;0
2762;0
2763;0
2764;0
2765;0
2766;0
2767;139
2768;334
2769;599
2770;546
2771;849
2772;853
2773;694
2774;690
2775;302
2776;102
2777;83
2778;0
2779;0
2780;0
2781;0
2782;0
2783;0
2784;0
2785;0
2786;0
2787;0
2788;0
2789;0
2790;0
2791;162
2792;402
2793;634
2794;812
2795;920
2796;987
2797;888
2798;777
2799;617
2800;401
2801;154
2802;0
2803;0
2804;0
2805;0
2806;0
2807;0
2808;0
2809;0
2810;0
2811;0
2812;0
2813;0
2814;0
2815;161
2816;401
2817;629
2818;689
2819;848
2820;862
2821;929
2822;817
2823;621
2824;396
2825;150
2826;0
2827;0
2828;0
2829;0
2830;0
2831;0
2832;0
2833;0
2834;0
2835;0
2836;0
2837;0
2838;0
2839;156
2840;393
2841;570
2842;781
2843;796
2844;763
2845;579
2846;299
2847;558
2848;375
2849;128
2850;0
2851;0
2852;0
2853;0
2854;0
2855;0
2856;0
2857;0
2858;0
2859;0
2860;0
2861;0
2862;0
2863;156
2864;396
2865;601
2866;752
2867;799
2868;866
2869;815
2870;390
2871;237
2872;391
2873;141
2874;0
2875;0
2876;0
2877;0
2878;0
2879;0
2880;0
2881;0
2882;0
2883;0
2884;0
2885;0
2886;0
2887;156
2888;401
2889;626
2890;784
2891;907
2892;954
2893;903
2894;785
2895;602
2896;389
2897;144
2898;0
2899;0
2900;0
2901;0
2902;0
2903;0
2904;0
2905;0
2906;0
2907;0
2908;0
2909;0
2910;0
2911;153
2912;399
2913;620
2914;794
2915;909
2916;951
2917;900
2918;782
2919;609
2920;386
2921;145
2922;0
2923;0
2924;0
2925;0
2926;0
2927;0
2928;0
2929;0
2930;0
2931;0
2932;0
2933;0
2934;0
2935;157
2936;396
2937;618
2938;796
2939;906
2940;953
2941;887
2942;518
2943;513
2944;266
2945;110
2946;0
2947;0
2948;0
2949;0
2950;0
2951;0
2952;0
2953;0
2954;0
2955;0
2956;0
2957;0
2958;0
2959;156
2960;394
2961;619
2962;789
2963;903
2964;893
2965;693
2966;571
2967;504
2968;219
2969;135
2970;0
2971;0
2972;0
2973;0
2974;0
2975;0
2976;0
2977;0
2978;0
2979;0
2980;0
2981;0
2982;0
2983;90
2984;371
2985;563
2986;752
2987;763
2988;636
2989;793
2990;598
2991;567
2992;315
2993;104
2994;0
2995;0
2996;0
2997;0
2998;0
2999;0
3000;0
3001;0
3002;0
3003;0
3004;0
3005;0
3006;0
3007;155
3008;393
3009;615
3010;719
3011;795
3012;842
3013;790
3014;723
3015;598
3016;379
3017;139
3018;0
3019;0
3020;0
3021;0
3022;0
3023;0
3024;0
3025;0
3026;0
3027;0
3028;0
3029;0
3030;0
3031;151
3032;389
3033;609
3034;764
3035;802
3036;672
3037;744
3038;737
3039;368
3040;291
3041;104
3042;0
3043;0
3044;0
3045;0
3046;0
3047;0
3048;0
3049;0
3050;0
3051;0
3052;0
3053;0
3054;0
3055;155
3056;373
3057;557
3058;625
3059;620
3060;595
3061;607
3062;449
3063;579
3064;366
3065;137
3066;0
3067;0
3068;0
3069;0
3070;0
3071;0
3072;0
3073;0
3074;0
3075;0
3076;0
3077;0
3078;0
3079;152
3080;390
3081;595
3082;767
3083;821
3084;863
3085;739
3086;685
3087;548
3088;277
3089;138
3090;0
3091;0
3092;0
3093;0
3094;0
3095;0
3096;0
3097;0
3098;0
3099;0
3100;0
3101;0
3102;0
3103;152
3104;389
3105;606
3106;769
3107;866
3108;840
3109;765
3110;699
3111;500
3112;312
3113;132
3114;0
3115;0
3116;0
3117;0
3118;0
3119;0
3120;0
3121;0
3122;0
3123;0
3124;0
3125;0
3126;0
3127;156
3128;387
3129;604
3130;775
3131;878
3132;823
3133;672
3134;672
3135;358
3136;354
3137;131
3138;0
3139;0
3140;0
3141;0
3142;0
3143;0
3144;0
3145;0
3146;0
3147;0
3148;0
3149;0
3150;0
3151;153
3152;381
3153;602
3154;772
3155;808
3156;740
3157;802
3158;620
3159;436
3160;305
3161;131
3162;0
3163;0
3164;0
3165;0
3166;0
3167;0
3168;0
3169;0
3170;0
3171;0
3172;0
3173;0
3174;0
3175;147
3176;379
3177;586
3178;765
3179;862
3180;822
3181;587
3182;634
3183;529
3184;321
3185;134
3186;0
3187;0
3188;0
3189;0
3190;0
3191;0
3192;0
3193;0
3194;0
3195;0
3196;0
3197;0
3198;0
3199;134
3200;351
3201;597
3202;767
3203;860
3204;721
3205;524
3206;644
3207;533
3208;353
3209;121
3210;0
3211;0
3212;0
3213;0
3214;0
3215;0
3216;0
3217;0
3218;0
3219;0
3220;0
3221;0
3222;0
3223;121
3224;353
3225;556
3226;735
3227;847
3228;906
3229;752
3230;630
3231;541
3232;367
3233;129
3234;0
3235;0
3236;0
3237;0
3238;0
3239;0
3240;0
3241;0
3242;0
3243;0
3244;0
3245;0
3246;0
3247;129
3248;380
3249;593
3250;758
3251;868
3252;868
3253;857
3254;746
3255;577
3256;355
3257;109
3258;0
3259;0
3260;0
3261;0
3262;0
3263;0
3264;0
3265;0
3266;0
3267;0
3268;0
3269;0
3270;0
3271;144
3272;272
3273;366
3274;565
3275;800
3276;880
3277;794
3278;695
3279;540
3280;329
3281;112
3282;0
3283;0
3284;0
3285;0
3286;0
3287;0
3288;0
3289;0
3290;0
3291;0
3292;0
3293;0
3294;0
3295;136
3296;356
3297;582
3298;752
3299;863
3300;902
3301;852
3302;741
3303;569
3304;356
3305;123
3306;0
3307;0
3308;0
3309;0
3310;0
3311;0
3312;0
3313;0
3314;0
3315;0
3316;0
3317;0
3318;0
3319;139
3320;371
3321;586
3322;754
3323;855
3324;870
3325;840
3326;739
3327;567
3328;355
3329;125
3330;0
3331;0
3332;0
3333;0
3334;0
3335;0
3336;0
3337;0
3338;0
3339;0
3340;0
3341;0
3342;0
3343;140
3344;371
3345;581
3346;748
3347;857
3348;892
3349;847
3350;741
3351;569
3352;353
3353;121
3354;0
3355;0
3356;0
3357;0
3358;0
3359;0
3360;0
3361;0
3362;0
3363;0
3364;0
3365;0
3366;0
3367;140
3368;371
3369;582
3370;753
3371;855
3372;894
3373;845
3374;738
3375;567
3376;352
3377;122
3378;0
3379;0
3380;0
3381;0
3382;0
3383;0
3384;0
3385;0
3386;0
3387;0
3388;0
3389;0
3390;0
3391;138
3392;368
3393;580
3394;747
3395;852
3396;891
3397;842
3398;736
3399;565
3400;349
3401;119
3402;0
3403;0
3404;0
3405;0
3406;0
3407;0
3408;0
3409;0
3410;0
3411;0
3412;0
3413;0
3414;0
3415;136
3416;366
3417;578
3418;744
3419;711
3420;750
3421;785
3422;730
3423;567
3424;350
3425;120
3426;0
3427;0
3428;0
3429;0
3430;0
3431;0
3432;0
3433;0
3434;0
3435;0
3436;0
3437;0
3438;0
3439;134
3440;364
3441;575
3442;742
3443;847
3444;858
3445;838
3446;732
3447;565
3448;349
3449;119
3450;0
3451;0
3452;0
3453;0
3454;0
3455;0
3456;0
3457;0
3458;0
3459;0
3460;0
3461;0
3462;0
3463;129
3464;357
3465;567
3466;732
3467;836
3468;879
3469;836
3470;726
3471;561
3472;346
3473;117
3474;0
3475;0
3476;0
3477;0
3478;0
3479;0
3480;0
3481;0
3482;0
3483;0
3484;0
3485;0
3486;0
3487;128
3488;355
3489;568
3490;733
3491;843
3492;882
3493;833
3494;729
3495;559
3496;345
3497;117
3498;0
3499;0
3500;0
3501;0
3502;0
3503;0
3504;0
3505;0
3506;0
3507;0
3508;0
3509;0
3510;0
3511;124
3512;341
3513;560
3514;727
3515;836
3516;856
3517;772
3518;719
3519;552
3520;344
3521;111
3522;0
3523;0
3524;0
3525;0
3526;0
3527;0
3528;0
3529;0
3530;0
3531;0
3532;0
3533;0
3534;0
3535;123
3536;352
3537;561
3538;729
3539;833
3540;877
3541;829
3542;725
3543;560
3544;345
3545;116
3546;0
3547;0
3548;0
3549;0
3550;0
3551;0
3552;0
3553;0
3554;0
3555;0
3556;0
3557;0
3558;0
3559;122
3560;350
3561;559
3562;727
3563;831
3564;871
3565;823
3566;712
3567;546
3568;340
3569;115
3570;0
3571;0
3572;0
3573;0
3574;0
3575;0
3576;0
3577;0
3578;0
3579;0
3580;0
3581;0
3582;0
3583;129
3584;352
3585;551
3586;729
3587;834
3588;873
3589;826
3590;706
3591;539
3592;343
3593;114
3594;0
3595;0
3596;0
3597;0
3598;0
3599;0
3600;0
3601;0
3602;0
3603;0
3604;0
3605;0
3606;0
3607;127
3608;350
3609;561
3610;727
3611;818
3612;829
3613;756
3614;646
3615;442
3616;317
3617;115
3618;0
3619;0
3620;0
3621;0
3622;0
3623;0
3624;0
3625;0
3626;0
3627;0
3628;0
3629;0
3630;0
3631;131
3632;361
3633;572
3634;736
3635;842
3636;878
3637;840
3638;731
3639;562
3640;351
3641;121
3642;0
3643;0
3644;0
3645;0
3646;0
3647;0
3648;0
3649;0
3650;0
3651;0
3652;0
3653;0
3654;0
3655;130
3656;358
3657;570
3658;734
3659;845
3660;876
3661;838
3662;730
3663;564
3664;348
3665;121
3666;0
3667;0
3668;0
3669;0
3670;0
3671;0
3672;0
3673;0
3674;0
3675;0
3676;0
3677;0
3678;0
3679;130
3680;360
3681;571
3682;736
3683;843
3684;874
3685;841
3686;732
3687;563
3688;350
3689;121
3690;0
3691;0
3692;0
3693;0
3694;0
3695;0
3696;0
3697;0
3698;0
3699;0
3700;0
3701;0
3702;0
3703;128
3704;353
3705;566
3706;730
3707;837
3708;873
3709;835
3710;727
3711;562
3712;348
3713;119
3714;0
3715;0
3716;0
3717;0
3718;0
3719;0
3720;0
3721;0
3722;0
3723;0
3724;0
3725;0
3726;0
3727;120
3728;347
3729;556
3730;709
3731;826
3732;862
3733;829
3734;726
3735;556
3736;346
3737;119
3738;0
3739;0
3740;0
3741;0
3742;0
3743;0
3744;0
3745;0
3746;0
3747;0
3748;0
3749;0
3750;0
3751;125
3752;349
3753;560
3754;727
3755;833
3756;870
3757;833
3758;725
3759;558
3760;345
3761;119
3762;0
3763;0
3764;0
3765;0
3766;0
3767;0
3768;0
3769;0
3770;0
3771;0
3772;0
3773;0
3774;0
3775;113
3776;344
3777;555
3778;721
3779;827
3780;854
3781;813
3782;713
3783;548
3784;321
3785;112
3786;0
3787;0
3788;0
3789;0
3790;0
3791;0
3792;0
3793;0
3794;0
3795;0
3796;0
3797;0
3798;0
3799;116
3800;337
3801;541
3802;688
3803;767
3804;541
3805;572
3806;625
3807;493
3808;337
3809;118
3810;0
3811;0
3812;0
3813;0
3814;0
3815;0
3816;0
3817;0
3818;0
3819;0
3820;0
3821;0
3822;0
3823;116
3824;341
3825;546
3826;714
3827;801
3828;818
3829;793
3830;715
3831;557
3832;345
3833;120
3834;0
3835;0
3836;0
3837;0
3838;0
3839;0
3840;0
3841;0
3842;0
3843;0
3844;0
3845;0
3846;0
3847;113
3848;338
3849;551
3850;716
3851;823
3852;845
3853;679
3854;651
3855;523
3856;300
3857;83
3858;0
3859;0
3860;0
3861;0
3862;0
3863;0
3864;0
3865;0
3866;0
3867;0
3868;0
3869;0
3870;0
3871;119
3872;344
3873;558
3874;719
3875;826
3876;722
3877;539
3878;545
3879;302
3880;345
3881;121
3882;0
3883;0
3884;0
3885;0
3886;0
3887;0
3888;0
3889;0
3890;0
3891;0
3892;0
3893;0
3894;0
3895;118
3896;345
3897;557
3898;718
3899;820
3900;773
3901;696
3902;655
3903;332
3904;285
3905;111
3906;0
3907;0
3908;0
3909;0
3910;0
3911;0
3912;0
3913;0
3914;0
3915;0
3916;0
3917;0
3918;0
3919;114
3920;340
3921;549
3922;716
3923;824
3924;852
3925;767
3926;689
3927;547
3928;346
3929;122
3930;0
3931;0
3932;0
3933;0
3934;0
3935;0
3936;0
3937;0
3938;0
3939;0
3940;0
3941;0
3942;0
3943;114
3944;340
3945;551
3946;715
3947;822
3948;860
3949;825
3950;721
3951;556
3952;346
3953;122
3954;0
3955;0
3956;0
3957;0
3958;0
3959;0
3960;0
3961;0
3962;0
3963;0
3964;0
3965;0
3966;0
3967;65
3968;254
3969;529
3970;702
3971;813
3972;850
3973;825
3974;721
3975;553
3976;346
3977;124
3978;0
3979;0
3980;0
3981;0
3982;0
3983;0
3984;0
3985;0
3986;0
3987;0
3988;0
3989;0
3990;0
3991;103
3992;318
3993;531
3994;701
3995;812
3996;850
3997;825
3998;721
3999;556
4000;349
4001;123
4002;0
4003;0
4004;0
4005;0
4006;0
4007;0
4008;0
4009;0
4010;0
4011;0
4012;0
4013;0
4014;0
4015;100
4016;317
4017;530
4018;700
4019;811
4020;854
4021;824
4022;720
4023;557
4024;349
4025;124
4026;0
4027;0
4028;0
4029;0
4030;0
4031;0
4032;0
4033;0
4034;0
4035;0
4036;0
4037;0
4038;0
4039;105
4040;328
4041;538
4042;707
4043;815
4044;853
4045;824
4046;721
4047;557
4048;348
4049;124
4050;0
4051;0
4052;0
4053;0
4054;0
4055;0
4056;0
4057;0
4058;0
4059;0
4060;0
4061;0
4062;0
4063;102
4064;324
4065;537
4066;702
4067;814
4068;853
4069;819
4070;717
4071;554
4072;346
4073;122
4074;0
4075;0
4076;0
4077;0
4078;0
4079;0
4080;0
4081;0
4082;0
4083;0
4084;0
4085;0
4086;0
4087;103
4088;328
4089;536
4090;701
4091;813
4092;852
4093;819
4094;717
4095;555
4096;349
4097;125
4098;0
4099;0
4100;0
4101;0
4102;0
4103;0
4104;0
4105;0
4106;0
4107;0
4108;0
4109;0
4110;0
4111;107
4112;331
4113;544
4114;708
4115;817
4116;848
4117;810
4118;658
4119;546
4120;348
4121;129
4122;0
4123;0
4124;0
4125;0
4126;0
4127;0
4128;0
4129;0
4130;0
4131;0
4132;0
4133;0
4134;0
4135;101
4136;245
4137;387
4138;538
4139;723
4140;744
4141;703
4142;435
4143;458
4144;306
4145;128
4146;0
4147;0
4148;0
4149;0
4150;0
4151;0
4152;0
4153;0
4154;0
4155;0
4156;0
4157;0
4158;0
4159;107
4160;238
4161;530
4162;618
4163;772
4164;670
4165;439
4166;655
4167;526
4168;345
4169;127
4170;0
4171;0
4172;0
4173;0
4174;0
4175;0
4176;0
4177;0
4178;0
4179;0
4180;0
4181;0
4182;0
4183;104
4184;325
4185;538
4186;703
4187;803
4188;838
4189;788
4190;608
4191;539
4192;296
4193;130
4194;0
4195;0
4196;0
4197;0
4198;0
4199;0
4200;0
4201;0
4202;0
4203;0
4204;0
4205;0
4206;0
4207;104
4208;329
4209;541
4210;706
4211;816
4212;857
4213;825
4214;719
4215;561
4216;355
4217;131
4218;0
4219;0
4220;0
4221;0
4222;0
4223;0
4224;0
4225;0
4226;0
4227;0
4228;0
4229;0
4230;0
4231;105
4232;329
4233;540
4234;706
4235;816
4236;857
4237;825
4238;720
4239;559
4240;356
4241;131
4242;0
4243;0
4244;0
4245;0
4246;0
4247;0
4248;0
4249;0
4250;0
4251;0
4252;0
4253;0
4254;0
4255;97
4256;319
4257;534
4258;698
4259;812
4260;853
4261;826
4262;721
4263;560
4264;351
4265;127
4266;0
4267;0
4268;0
4269;0
4270;0
4271;0
4272;0
4273;0
4274;0
4275;0
4276;0
4277;0
4278;0
4279;95
4280;315
4281;528
4282;694
4283;803
4284;848
4285;700
4286;516
4287;533
4288;328
4289;128
4290;0
4291;0
4292;0
4293;0
4294;0
4295;0
4296;0
4297;0
4298;0
4299;0
4300;0
4301;0
4302;0
4303;91
4304;309
4305;521
4306;694
4307;807
4308;849
4309;764
4310;671
4311;556
4312;355
4313;132
4314;0
4315;0
4316;0
4317;0
4318;0
4319;0
4320;0
4321;0
4322;0
4323;0
4324;0
4325;0
4326;0
4327;96
4328;321
4329;533
4330;702
4331;812
4332;798
4333;787
4334;699
4335;445
4336;358
4337;135
4338;0
4339;0
4340;0
4341;0
4342;0
4343;0
4344;0
4345;0
4346;0
4347;0
4348;0
4349;0
4350;0
4351;98
4352;329
4353;537
4354;707
4355;818
4356;860
4357;825
4358;725
4359;571
4360;366
4361;137
4362;0
4363;0
4364;0
4365;0
4366;0
4367;0
4368;0
4369;0
4370;0
4371;0
4372;0
4373;0
4374;0
4375;104
4376;331
4377;542
4378;711
4379;816
4380;858
4381;823
4382;731
4383;563
4384;346
4385;135
4386;0
4387;0
4388;0
4389;0
4390;0
4391;0
4392;0
4393;0
4394;0
4395;0
4396;0
4397;0
4398;0
4399;95
4400;320
4401;536
4402;708
4403;821
4404;864
4405;833
4406;733
4407;573
4408;363
4409;138
4410;0
4411;0
4412;0
4413;0
4414;0
4415;0
4416;0
4417;0
4418;0
4419;0
4420;0
4421;0
4422;0
4423;97
4424;322
4425;539
4426;708
4427;821
4428;865
4429;835
4430;734
4431;575
4432;366
4433;138
4434;0
4435;0
4436;0
4437;0
4438;0
4439;0
4440;0
4441;0
4442;0
4443;0
4444;0
4445;0
4446;0
4447;100
4448;328
4449;545
4450;712
4451;826
4452;870
4453;836
4454;735
4455;573
4456;368
4457;141
4458;0
4459;0
4460;0
4461;0
4462;0
4463;0
4464;0
4465;0
4466;0
4467;0
4468;0
4469;0
4470;0
4471;100
4472;328
4473;545
4474;717
4475;827
4476;871
4477;837
4478;736
4479;574
4480;369
4481;142
4482;0
4483;0
4484;0
4485;0
4486;0
4487;0
4488;0
4489;0
4490;0
4491;0
4492;0
4493;0
4494;0
4495;101
4496;328
4497;546
4498;717
4499;828
4500;872
4501;838
4502;738
4503;579
4504;370
4505;142
4506;0
4507;0
4508;0
4509;0
4510;0
4511;0
4512;0
4513;0
4514;0
4515;0
4516;0
4517;0
4518;0
4519;99
4520;328
4521;546
4522;718
4523;829
4524;869
4525;840
4526;739
4527;580
4528;370
4529;142
4530;0
4531;0
4532;0
4533;0
4534;0
4535;0
4536;0
4537;0
4538;0
4539;0
4540;0
4541;0
4542;0
4543;102
4544;330
4545;546
4546;719
4547;830
4548;875
4549;841
4550;741
4551;582
4552;371
4553;146
4554;0
4555;0
4556;0
4557;0
4558;0
4559;0
4560;0
4561;0
4562;0
4563;0
4564;0
4565;0
4566;0
4567;99
4568;329
4569;547
4570;716
4571;827
4572;872
4573;843
4574;739
4575;580
4576;373
4577;145
4578;0
4579;0
4580;0
4581;0
4582;0
4583;0
4584;0
4585;0
4586;0
4587;0
4588;0
4589;0
4590;0
4591;95
4592;322
4593;542
4594;717
4595;828
4596;873
4597;840
4598;740
4599;582
4600;374
4601;146
4602;0
4603;0
4604;0
4605;0
4606;0
4607;0
4608;0
4609;0
4610;0
4611;0
4612;0
4613;0
4614;0
4615;92
4616;317
4617;537
4618;710
4619;829
4620;875
4621;842
4622;742
4623;584
4624;376
4625;147
4626;0
4627;0
4628;0
4629;0
4630;0
4631;0
4632;0
4633;0
4634;0
4635;0
4636;0
4637;0
4638;0
4639;92
4640;317
4641;540
4642;715
4643;831
4644;876
4645;848
4646;748
4647;585
4648;379
4649;151
4650;0
4651;0
4652;0
4653;0
4654;0
4655;0
4656;0
4657;0
4658;0
4659;0
4660;0
4661;0
4662;0
4663;96
4664;325
4665;544
4666;720
4667;832
4668;878
4669;850
4670;750
4671;587
4672;379
4673;149
4674;0
4675;0
4676;0
4677;0
4678;0
4679;0
4680;0
4681;0
4682;0
4683;0
4684;0
4685;0
4686;0
4687;94
4688;318
4689;539
4690;714
4691;829
4692;875
4693;847
4694;751
4695;589
4696;378
4697;151
4698;0
4699;0
4700;0
4701;0
4702;0
4703;0
4704;0
4705;0
4706;0
4707;0
4708;0
4709;0
4710;0
4711;91
4712;317
4713;537
4714;715
4715;831
4716;877
4717;849
4718;749
4719;588
4720;380
4721;151
4722;0
4723;0
4724;0
4725;0
4726;0
4727;0
4728;0
4729;0
4730;0
4731;0
4732;0
4733;0
4734;0
4735;90
4736;309
4737;532
4738;708
4739;828
4740;874
4741;851
4742;751
4743;589
4744;381
4745;152
4746;0
4747;0
4748;0
4749;0
4750;0
4751;0
4752;0
4753;0
4754;0
4755;0
4756;0
4757;0
4758;0
4759;90
4760;315
4761;539
4762;714
4763;830
4764;846
4765;811
4766;695
4767;568
4768;339
4769;153
4770;0
4771;0
4772;0
4773;0
4774;0
4775;0
4776;0
4777;0
4778;0
4779;0
4780;0
4781;0
4782;0
4783;88
4784;312
4785;535
4786;711
4787;832
4788;878
4789;831
4790;734
4791;583
4792;380
4793;155
4794;0
4795;0
4796;0
4797;0
4798;0
4799;0
4800;0
4801;0
4802;0
4803;0
4804;0
4805;0
4806;0
4807;93
4808;313
4809;542
4810;717
4811;833
4812;880
4813;852
4814;757
4815;595
4816;384
4817;157
4818;0
4819;0
4820;0
4821;0
4822;0
4823;0
4824;0
4825;0
4826;0
4827;0
4828;0
4829;0
4830;0
4831;91
4832;309
4833;534
4834;715
4835;831
4836;882
4837;859
4838;760
4839;597
4840;386
4841;154
4842;0
4843;0
4844;0
4845;0
4846;0
4847;0
4848;0
4849;0
4850;0
4851;0
4852;0
4853;0
4854;0
4855;90
4856;304
4857;526
4858;704
4859;828
4860;879
4861;857
4862;762
4863;599
4864;390
4865;159
4866;0
4867;0
4868;0
4869;0
4870;0
4871;0
4872;0
4873;0
4874;0
4875;0
4876;0
4877;0
4878;0
4879;87
4880;300
4881;522
4882;706
4883;830
4884;882
4885;859
4886;764
4887;601
4888;370
4889;159
4890;0
4891;0
4892;0
4893;0
4894;0
4895;0
4896;0
4897;0
4898;0
4899;0
4900;0
4901;0
4902;0
4903;89
4904;310
4905;532
4906;712
4907;837
4908;889
4909;866
4910;766
4911;606
4912;393
4913;162
4914;0
4915;0
4916;0
4917;0
4918;0
4919;0
4920;0
4921;0
4922;0
4923;0
4924;0
4925;0
4926;0
4927;91
4928;309
4929;531
4930;714
4931;835
4932;886
4933;864
4934;764
4935;602
4936;390
4937;161
4938;0
4939;0
4940;0
4941;0
4942;0
4943;0
4944;0
4945;0
4946;0
4947;0
4948;0
4949;0
4950;0
4951;90
4952;305
4953;533
4954;716
4955;842
4956;894
4957;871
4958;771
4959;607
4960;392
4961;160
4962;0
4963;0
4964;0
4965;0
4966;0
4967;0
4968;0
4969;0
4970;0
4971;0
4972;0
4973;0
4974;0
4975;99
4976;328
4977;556
4978;735
4979;853
4980;896
4981;869
4982;769
4983;585
4984;354
4985;165
4986;0
4987;0
4988;0
4989;0
4990;0
4991;0
4992;0
4993;0
4994;0
4995;0
4996;0
4997;0
4998;0
4999;99
5000;337
5001;561
5002;737
5003;856
5004;904
5005;871
5006;771
5007;608
5008;397
5009;166
5010;0
5011;0
5012;0
5013;0
5014;0
5015;0
5016;0
5017;0
5018;0
5019;0
5020;0
5021;0
5022;0
5023;102
5024;337
5025;566
5026;743
5027;858
5028;906
5029;874
5030;769
5031;610
5032;399
5033;165
5034;0
5035;0
5036;0
5037;0
5038;0
5039;0
5040;0
5041;0
5042;0
5043;0
5044;0
5045;0
5046;0
5047;104
5048;335
5049;562
5050;742
5051;856
5052;904
5053;876
5054;776
5055;612
5056;400
5057;167
5058;0
5059;0
5060;0
5061;0
5062;0
5063;0
5064;0
5065;0
5066;0
5067;0
5068;0
5069;0
5070;0
5071;98
5072;323
5073;552
5074;732
5075;854
5076;902
5077;874
5078;774
5079;614
5080;397
5081;164
5082;0
5083;0
5084;0
5085;0
5086;0
5087;0
5088;0
5089;0
5090;0
5091;0
5092;0
5093;0
5094;0
5095;105
5096;339
5097;569
5098;750
5099;868
5100;917
5101;888
5102;781
5103;617
5104;401
5105;164
5106;0
5107;0
5108;0
5109;0
5110;0
5111;0
5112;0
5113;0
5114;0
5115;0
5116;0
5117;0
5118;0
5119;108
5120;342
5121;571
5122;753
5123;833
5124;810
5125;867
5126;779
5127;606
5128;396
5129;165
5130;0
5131;0
5132;0
5133;0
5134;0
5135;0
5136;0
5137;0
5138;0
5139;0
5140;0
5141;0
5142;0
5143;105
5144;339
5145;568
5146;747
5147;869
5148;908
5149;855
5150;777
5151;618
5152;406
5153;166
5154;0
5155;0
5156;0
5157;0
5158;0
5159;0
5160;0
5161;0
5162;0
5163;0
5164;0
5165;0
5166;0
5167;108
5168;344
5169;573
5170;754
5171;877
5172;916
5173;878
5174;707
5175;586
5176;368
5177;173
5178;0
5179;0
5180;0
5181;0
5182;0
5183;0
5184;0
5185;0
5186;0
5187;0
5188;0
5189;0
5190;0
5191;111
5192;348
5193;579
5194;761
5195;880
5196;929
5197;900
5198;791
5199;625
5200;411
5201;167
5202;0
5203;0
5204;0
5205;0
5206;0
5207;0
5208;0
5209;0
5210;0
5211;0
5212;0
5213;0
5214;0
5215;107
5216;343
5217;575
5218;764
5219;883
5220;932
5221;898
5222;789
5223;627
5224;409
5225;172
5226;0
5227;0
5228;0
5229;0
5230;0
5231;0
5232;0
5233;0
5234;0
5235;0
5236;0
5237;0
5238;0
5239;110
5240;343
5241;575
5242;763
5243;881
5244;930
5245;900
5246;792
5247;626
5248;410
5249;171
5250;0
5251;0
5252;0
5253;0
5254;0
5255;0
5256;0
5257;0
5258;0
5259;0
5260;0
5261;0
5262;0
5263;114
5264;351
5265;581
5266;766
5267;879
5268;933
5269;903
5270;798
5271;628
5272;410
5273;173
5274;0
5275;0
5276;0
5277;0
5278;0
5279;0
5280;0
5281;0
5282;0
5283;0
5284;0
5285;0
5286;0
5287;111
5288;348
5289;577
5290;761
5291;882
5292;926
5293;901
5294;796
5295;630
5296;411
5297;170
5298;0
5299;0
5300;0
5301;0
5302;0
5303;0
5304;0
5305;0
5306;0
5307;0
5308;0
5309;0
5310;0
5311;103
5312;332
5313;570
5314;755
5315;881
5316;934
5317;909
5318;803
5319;628
5320;408
5321;170
5322;0
5323;0
5324;0
5325;0
5326;0
5327;0
5328;0
5329;0
5330;0
5331;0
5332;0
5333;0
5334;0
5335;108
5336;350
5337;586
5338;721
5339;617
5340;473
5341;399
5342;207
5343;592
5344;163
5345;169
5346;0
5347;0
5348;0
5349;0
5350;0
5351;0
5352;0
5353;0
5354;0
5355;0
5356;0
5357;0
5358;0
5359;30
5360;68
5361;94
5362;199
5363;273
5364;424
5365;347
5366;362
5367;535
5368;402
5369;166
5370;0
5371;0
5372;0
5373;0
5374;0
5375;0
5376;0
5377;0
5378;0
5379;0
5380;0
5381;0
5382;0
5383;123
5384;359
5385;589
5386;739
5387;876
5388;938
5389;908
5390;798
5391;634
5392;414
5393;177
5394;0
5395;0
5396;0
5397;0
5398;0
5399;0
5400;0
5401;0
5402;0
5403;0
5404;0
5405;0
5406;0
5407;127
5408;368
5409;598
5410;781
5411;903
5412;946
5413;916
5414;804
5415;636
5416;418
5417;175
5418;0
5419;0
5420;0
5421;0
5422;0
5423;0
5424;0
5425;0
5426;0
5427;0
5428;0
5429;0
5430;0
5431;130
5432;372
5433;601
5434;784
5435;902
5436;950
5437;913
5438;802
5439;635
5440;417
5441;173
5442;0
5443;0
5444;0
5445;0
5446;0
5447;0
5448;0
5449;0
5450;0
5451;0
5452;0
5453;0
5454;0
5455;126
5456;365
5457;604
5458;787
5459;905
5460;948
5461;916
5462;805
5463;633
5464;418
5465;175
5466;0
5467;0
5468;0
5469;0
5470;0
5471;0
5472;0
5473;0
5474;0
5475;0
5476;0
5477;0
5478;0
5479;127
5480;368
5481;604
5482;786
5483;904
5484;946
5485;919
5486;812
5487;635
5488;408
5489;174
5490;0
5491;0
5492;0
5493;0
5494;0
5495;0
5496;0
5497;0
5498;0
5499;0
5500;0
5501;0
5502;0
5503;124
5504;362
5505;598
5506;785
5507;912
5508;949
5509;922
5510;814
5511;637
5512;421
5513;177
5514;0
5515;0
5516;0
5517;0
5518;0
5519;0
5520;0
5521;0
5522;0
5523;0
5524;0
5525;0
5526;0
5527;129
5528;369
5529;604
5530;789
5531;915
5532;962
5533;925
5534;812
5535;642
5536;420
5537;177
5538;0
5539;0
5540;0
5541;0
5542;0
5543;0
5544;0
5545;0
5546;0
5547;0
5548;0
5549;0
5550;0
5551;126
5552;368
5553;604
5554;792
5555;914
5556;960
5557;928
5558;814
5559;644
5560;416
5561;175
5562;0
5563;0
5564;0
5565;0
5566;0
5567;0
5568;0
5569;0
5570;0
5571;0
5572;0
5573;0
5574;0
5575;116
5576;352
5577;597
5578;783
5579;907
5580;958
5581;931
5582;821
5583;642
5584;415
5585;177
5586;0
5587;0
5588;0
5589;0
5590;0
5591;0
5592;0
5593;0
5594;0
5595;0
5596;0
5597;0
5598;0
5599;119
5600;355
5601;597
5602;786
5603;911
5604;962
5605;928
5606;819
5607;644
5608;421
5609;180
5610;0
5611;0
5612;0
5613;0
5614;0
5615;0
5616;0
5617;0
5618;0
5619;0
5620;0
5621;0
5622;0
5623;123
5624;362
5625;604
5626;794
5627;919
5628;965
5629;931
5630;816
5631;642
5632;417
5633;173
5634;0
5635;0
5636;0
5637;0
5638;0
5639;0
5640;0
5641;0
5642;0
5643;0
5644;0
5645;0
5646;0
5647;126
5648;367
5649;607
5650;793
5651;923
5652;968
5653;934
5654;823
5655;647
5656;423
5657;179
5658;0
5659;0
5660;0
5661;0
5662;0
5663;0
5664;0
5665;0
5666;0
5667;0
5668;0
5669;0
5670;0
5671;131
5672;370
5673;607
5674;792
5675;916
5676;966
5677;900
5678;816
5679;641
5680;416
5681;176
5682;0
5683;0
5684;0
5685;0
5686;0
5687;0
5688;0
5689;0
5690;0
5691;0
5692;0
5693;0
5694;0
5695;131
5696;373
5697;617
5698;804
5699;924
5700;974
5701;934
5702;777
5703;517
5704;410
5705;176
5706;0
5707;0
5708;0
5709;0
5710;0
5711;0
5712;0
5713;0
5714;0
5715;0
5716;0
5717;0
5718;0
5719;138
5720;380
5721;617
5722;808
5723;933
5724;972
5725;937
5726;825
5727;648
5728;418
5729;170
5730;0
5731;0
5732;0
5733;0
5734;0
5735;0
5736;0
5737;0
5738;0
5739;0
5740;0
5741;0
5742;0
5743;133
5744;359
5745;603
5746;798
5747;926
5748;975
5749;945
5750;827
5751;646
5752;426
5753;142
5754;0
5755;0
5756;0
5757;0
5758;0
5759;0
5760;0
5761;0
5762;0
5763;0
5764;0
5765;0
5766;0
5767;138
5768;380
5769;621
5770;811
5771;929
5772;978
5773;947
5774;829
5775;654
5776;429
5777;182
5778;0
5779;0
5780;0
5781;0
5782;0
5783;0
5784;0
5785;0
5786;0
5787;0
5788;0
5789;0
5790;0
5791;146
5792;389
5793;628
5794;819
5795;938
5796;987
5797;950
5798;836
5799;652
5800;430
5801;178
5802;0
5803;0
5804;0
5805;0
5806;0
5807;0
5808;0
5809;0
5810;0
5811;0
5812;0
5813;0
5814;0
5815;152
5816;397
5817;638
5818;822
5819;941
5820;956
5821;894
5822;801
5823;639
5824;350
5825;180
5826;0
5827;0
5828;0
5829;0
5830;0
5831;0
5832;0
5833;0
5834;0
5835;0
5836;0
5837;0
5838;0
5839;105
5840;216
5841;548
5842;773
5843;905
5844;962
5845;869
5846;759
5847;457
5848;127
5849;42
5850;0
5851;0
5852;0
5853;0
5854;0
5855;0
5856;0
5857;0
5858;0
5859;0
5860;0
5861;0
5862;0
5863;166
5864;395
5865;613
5866;792
5867;923
5868;971
5869;927
5870;790
5871;609
5872;402
5873;166
5874;0
5875;0
5876;0
5877;0
5878;0
5879;0
5880;0
5881;0
5882;0
5883;0
5884;0
5885;0
5886;0
5887;161
5888;413
5889;646
5890;832
5891;941
5892;978
5893;918
5894;801
5895;621
5896;411
5897;174
5898;0
5899;0
5900;0
5901;0
5902;0
5903;0
5904;0
5905;0
5906;0
5907;0
5908;0
5909;0
5910;0
5911;164
5912;420
5913;652
5914;809
5915;900
5916;864
5917;871
5918;808
5919;637
5920;418
5921;170
5922;0
5923;0
5924;0
5925;0
5926;0
5927;0
5928;0
5929;0
5930;0
5931;0
5932;0
5933;0
5934;0
5935;177
5936;439
5937;673
5938;856
5939;921
5940;944
5941;954
5942;836
5943;652
5944;428
5945;175
5946;0
5947;0
5948;0
5949;0
5950;0
5951;0
5952;0
5953;0
5954;0
5955;0
5956;0
5957;0
5958;0
5959;181
5960;438
5961;674
5962;851
5963;966
5964;1007
5965;966
5966;842
5967;661
5968;432
5969;177
5970;0
5971;0
5972;0
5973;0
5974;0
5975;0
5976;0
5977;0
5978;0
5979;0
5980;0
5981;0
5982;0
5983;172
5984;437
5985;676
5986;857
5987;978
5988;1009
5989;962
5990;847
5991;660
5992;429
5993;178
5994;0
5995;0
5996;0
5997;0
5998;0
5999;0
6000;0
6001;0
6002;0
6003;0
6004;0
6005;0
6006;0
6007;169
6008;428
6009;670
6010;858
6011;978
6012;1013
6013;966
6014;841
6015;663
6016;430
6017;177
6018;0
6019;0
6020;0
6021;0
6022;0
6023;0
6024;0
6025;0
6026;0
6027;0
6028;0
6029;0
6030;0
6031;176
6032;432
6033;676
6034;859
6035;978
6036;1012
6037;970
6038;844
6039;672
6040;436
6041;179
6042;0
6043;0
6044;0
6045;0
6046;0
6047;0
6048;0
6049;0
6050;0
6051;0
6052;0
6053;0
6054;0
6055;194
6056;458
6057;694
6058;881
6059;997
6060;1027
6061;978
6062;851
6063;677
6064;435
6065;176
6066;0
6067;0
6068;0
6069;0
6070;0
6071;0
6072;0
6073;0
6074;0
6075;0
6076;0
6077;0
6078;0
6079;191
6080;447
6081;687
6082;871
6083;991
6084;1019
6085;975
6086;848
6087;675
6088;435
6089;178
6090;0
6091;0
6092;0
6093;0
6094;0
6095;0
6096;0
6097;0
6098;0
6099;0
6100;0
6101;0
6102;0
6103;177
6104;426
6105;666
6106;858
6107;981
6108;1014
6109;975
6110;848
6111;666
6112;427
6113;170
6114;0
6115;0
6116;0
6117;0
6118;0
6119;0
6120;0
6121;0
6122;0
6123;0
6124;0
6125;0
6126;0
6127;167
6128;413
6129;652
6130;844
6131;970
6132;1008
6133;963
6134;837
6135;660
6136;424
6137;171
6138;0
6139;0
6140;0
6141;0
6142;0
6143;0
6144;0
6145;0
6146;0
6147;0
6148;0
6149;0
6150;0
6151;173
6152;425
6153;666
6154;852
6155;968
6156;989
6157;803
6158;515
6159;311
6160;353
6161;169
6162;0
6163;0
6164;0
6165;0
6166;0
6167;0
6168;0
6169;0
6170;0
6171;0
6172;0
6173;0
6174;0
6175;180
6176;431
6177;670
6178;856
6179;972
6180;926
6181;779
6182;757
6183;612
6184;410
6185;164
6186;0
6187;0
6188;0
6189;0
6190;0
6191;0
6192;0
6193;0
6194;0
6195;0
6196;0
6197;0
6198;0
6199;185
6200;438
6201;675
6202;853
6203;972
6204;1008
6205;947
6206;656
6207;643
6208;393
6209;168
6210;0
6211;0
6212;0
6213;0
6214;0
6215;0
6216;0
6217;0
6218;0
6219;0
6220;0
6221;0
6222;0
6223;90
6224;400
6225;625
6226;756
6227;935
6228;921
6229;683
6230;801
6231;291
6232;39
6233;29
6234;0
6235;0
6236;0
6237;0
6238;0
6239;0
6240;0
6241;0
6242;0
6243;0
6244;0
6245;0
6246;0
6247;80
6248;349
6249;657
6250;851
6251;968
6252;1009
6253;967
6254;833
6255;659
6256;419
6257;168
6258;0
6259;0
6260;0
6261;0
6262;0
6263;0
6264;0
6265;0
6266;0
6267;0
6268;0
6269;0
6270;0
6271;201
6272;459
6273;698
6274;878
6275;998
6276;1022
6277;980
6278;835
6279;664
6280;425
6281;168
6282;0
6283;0
6284;0
6285;0
6286;0
6287;0
6288;0
6289;0
6290;0
6291;0
6292;0
6293;0
6294;0
6295;211
6296;475
6297;712
6298;893
6299;1009
6300;1032
6301;984
6302;848
6303;671
6304;432
6305;173
6306;0
6307;0
6308;0
6309;0
6310;0
6311;0
6312;0
6313;0
6314;0
6315;0
6316;0
6317;0
6318;0
6319;209
6320;466
6321;698
6322;880
6323;998
6324;1021
6325;978
6326;832
6327;662
6328;421
6329;168
6330;0
6331;0
6332;0
6333;0
6334;0
6335;0
6336;0
6337;0
6338;0
6339;0
6340;0
6341;0
6342;0
6343;215
6344;465
6345;701
6346;883
6347;1001
6348;1029
6349;975
6350;801
6351;660
6352;424
6353;171
6354;0
6355;0
6356;0
6357;0
6358;0
6359;0
6360;0
6361;0
6362;0
6363;0
6364;0
6365;0
6366;0
6367;208
6368;452
6369;692
6370;890
6371;1009
6372;1031
6373;986
6374;844
6375;671
6376;431
6377;172
6378;0
6379;0
6380;0
6381;0
6382;0
6383;0
6384;0
6385;0
6386;0
6387;0
6388;0
6389;0
6390;0
6391;221
6392;480
6393;706
6394;896
6395;1009
6396;1036
6397;969
6398;838
6399;666
6400;418
6401;170
6402;0
6403;0
6404;0
6405;0
6406;0
6407;0
6408;0
6409;0
6410;0
6411;0
6412;0
6413;0
6414;0
6415;220
6416;475
6417;709
6418;895
6419;1007
6420;1028
6421;983
6422;830
6423;634
6424;425
6425;170
6426;0
6427;0
6428;0
6429;0
6430;0
6431;0
6432;0
6433;0
6434;0
6435;0
6436;0
6437;0
6438;0
6439;225
6440;482
6441;717
6442;899
6443;1011
6444;1031
6445;986
6446;847
6447;654
6448;421
6449;170
6450;0
6451;0
6452;0
6453;0
6454;0
6455;0
6456;0
6457;0
6458;0
6459;0
6460;0
6461;0
6462;0
6463;231
6464;484
6465;719
6466;895
6467;1011
6468;1037
6469;985
6470;855
6471;667
6472;425
6473;170
6474;0
6475;0
6476;0
6477;0
6478;0
6479;0
6480;0
6481;0
6482;0
6483;0
6484;0
6485;0
6486;0
6487;228
6488;486
6489;720
6490;901
6491;1012
6492;1042
6493;957
6494;854
6495;652
6496;422
6497;171
6498;0
6499;0
6500;0
6501;0
6502;0
6503;0
6504;0
6505;0
6506;0
6507;0
6508;0
6509;0
6510;5
6511;188
6512;379
6513;687
6514;878
6515;992
6516;1015
6517;932
6518;840
6519;636
6520;323
6521;50
6522;0
6523;0
6524;0
6525;0
6526;0
6527;0
6528;0
6529;0
6530;0
6531;0
6532;0
6533;0
6534;8
6535;233
6536;472
6537;669
6538;864
6539;1002
6540;1026
6541;973
6542;830
6543;615
6544;389
6545;134
6546;0
6547;0
6548;0
6549;0
6550;0
6551;0
6552;0
6553;0
6554;0
6555;0
6556;0
6557;0
6558;9
6559;242
6560;509
6561;743
6562;921
6563;1031
6564;1066
6565;1006
6566;882
6567;677
6568;432
6569;166
6570;0
6571;0
6572;0
6573;0
6574;0
6575;0
6576;0
6577;0
6578;0
6579;0
6580;0
6581;0
6582;17
6583;233
6584;492
6585;721
6586;898
6587;1011
6588;1051
6589;991
6590;859
6591;661
6592;417
6593;161
6594;0
6595;0
6596;0
6597;0
6598;0
6599;0
6600;0
6601;0
6602;0
6603;0
6604;0
6605;0
6606;19
6607;223
6608;484
6609;719
6610;895
6611;1008
6612;1053
6613;992
6614;766
6615;647
6616;376
6617;164
6618;0
6619;0
6620;0
6621;0
6622;0
6623;0
6624;0
6625;0
6626;0
6627;0
6628;0
6629;0
6630;8
6631;203
6632;465
6633;730
6634;893
6635;999
6636;1043
6637;988
6638;855
6639;665
6640;417
6641;158
6642;0
6643;0
6644;0
6645;0
6646;0
6647;0
6648;0
6649;0
6650;0
6651;0
6652;0
6653;0
6654;23
6655;224
6656;484
6657;717
6658;895
6659;1012
6660;1033
6661;962
6662;847
6663;641
6664;413
6665;162
6666;0
6667;0
6668;0
6669;0
6670;0
6671;0
6672;0
6673;0
6674;0
6675;0
6676;0
6677;0
6678;23
6679;230
6680;489
6681;719
6682;897
6683;1003
6684;1041
6685;996
6686;866
6687;659
6688;413
6689;161
6690;0
6691;0
6692;0
6693;0
6694;0
6695;0
6696;0
6697;0
6698;0
6699;0
6700;0
6701;0
6702;24
6703;231
6704;489
6705;730
6706;899
6707;1010
6708;1053
6709;986
6710;857
6711;630
6712;411
6713;159
6714;0
6715;0
6716;0
6717;0
6718;0
6719;0
6720;0
6721;0
6722;0
6723;0
6724;0
6725;0
6726;28
6727;256
6728;514
6729;732
6730;817
6731;906
6732;810
6733;825
6734;718
6735;487
6736;359
6737;159
6738;0
6739;0
6740;0
6741;0
6742;0
6743;0
6744;0
6745;0
6746;0
6747;0
6748;0
6749;0
6750;29
6751;250
6752;508
6753;742
6754;914
6755;1030
6756;1062
6757;562
6758;593
6759;595
6760;402
6761;165
6762;0
6763;0
6764;0
6765;0
6766;0
6767;0
6768;0
6769;0
6770;0
6771;0
6772;0
6773;0
6774;10
6775;225
6776;446
6777;655
6778;860
6779;636
6780;983
6781;606
6782;808
6783;664
6784;345
6785;59
6786;0
6787;0
6788;0
6789;0
6790;0
6791;0
6792;0
6793;0
6794;0
6795;0
6796;0
6797;0
6798;21
6799;259
6800;285
6801;274
6802;239
6803;654
6804;1030
6805;984
6806;864
6807;635
6808;241
6809;143
6810;0
6811;0
6812;0
6813;0
6814;0
6815;0
6816;0
6817;0
6818;0
6819;0
6820;0
6821;0
6822;22
6823;145
6824;493
6825;408
6826;578
6827;990
6828;939
6829;102
6830;594
6831;306
6832;427
6833;125
6834;0
6835;0
6836;0
6837;0
6838;0
6839;0
6840;0
6841;0
6842;0
6843;0
6844;0
6845;0
6846;35
6847;259
6848;520
6849;755
6850;931
6851;1002
6852;1026
6853;656
6854;473
6855;521
6856;400
6857;149
6858;0
6859;0
6860;0
6861;0
6862;0
6863;0
6864;0
6865;0
6866;0
6867;0
6868;0
6869;0
6870;12
6871;233
6872;508
6873;736
6874;842
6875;1004
6876;512
6877;393
6878;147
6879;59
6880;37
6881;55
6882;0
6883;0
6884;0
6885;0
6886;0
6887;0
6888;0
6889;0
6890;0
6891;0
6892;0
6893;0
6894;38
6895;264
6896;530
6897;668
6898;823
6899;820
6900;781
6901;586
6902;312
6903;374
6904;314
6905;135
6906;0
6907;0
6908;0
6909;0
6910;0
6911;0
6912;0
6913;0
6914;0
6915;0
6916;0
6917;0
6918;6
6919;125
6920;76
6921;148
6922;129
6923;214
6924;474
6925;463
6926;178
6927;157
6928;217
6929;138
6930;0
6931;0
6932;0
6933;0
6934;0
6935;0
6936;0
6937;0
6938;0
6939;0
6940;0
6941;0
6942;38
6943;116
6944;198
6945;700
6946;740
6947;805
6948;480
6949;512
6950;479
6951;623
6952;419
6953;133
6954;0
6955;0
6956;0
6957;0
6958;0
6959;0
6960;0
6961;0
6962;0
6963;0
6964;0
6965;0
6966;33
6967;84
6968;342
6969;414
6970;934
6971;1042
6972;985
6973;799
6974;844
6975;663
6976;417
6977;163
6978;0
6979;0
6980;0
6981;0
6982;0
6983;0
6984;0
6985;0
6986;0
6987;0
6988;0
6989;0
6990;48
6991;269
6992;529
6993;753
6994;930
6995;1038
6996;1072
6997;973
6998;699
6999;670
7000;418
7001;152
7002;0
7003;0
7004;0
7005;0
7006;0
7007;0
7008;0
7009;0
7010;0
7011;0
7012;0
7013;0
7014;45
7015;240
7016;513
7017;755
7018;911
7019;1039
7020;1038
7021;838
7022;746
7023;598
7024;418
7025;159
7026;0
7027;0
7028;0
7029;0
7030;0
7031;0
7032;0
7033;0
7034;0
7035;0
7036;0
7037;0
7038;43
7039;285
7040;520
7041;748
7042;927
7043;1045
7044;1038
7045;936
7046;826
7047;609
7048;384
7049;147
7050;0
7051;0
7052;0
7053;0
7054;0
7055;0
7056;0
7057;0
7058;0
7059;0
7060;0
7061;0
7062;30
7063;298
7064;531
7065;749
7066;908
7067;922
7068;889
7069;898
7070;761
7071;667
7072;291
7073;135
7074;0
7075;0
7076;0
7077;0
7078;0
7079;0
7080;0
7081;0
7082;0
7083;0
7084;0
7085;0
7086;6
7087;158
7088;515
7089;750
7090;929
7091;979
7092;947
7093;931
7094;710
7095;549
7096;419
7097;175
7098;0
7099;0
7100;0
7101;0
7102;0
7103;0
7104;0
7105;0
7106;0
7107;0
7108;0
7109;0
7110;18
7111;186
7112;269
7113;693
7114;497
7115;776
7116;850
7117;747
7118;485
7119;128
7120;45
7121;64
7122;0
7123;0
7124;0
7125;0
7126;0
7127;0
7128;0
7129;0
7130;0
7131;0
7132;0
7133;0
7134;7
7135;39
7136;196
7137;502
7138;890
7139;484
7140;322
7141;255
7142;448
7143;546
7144;141
7145;62
7146;0
7147;0
7148;0
7149;0
7150;0
7151;0
7152;0
7153;0
7154;0
7155;0
7156;0
7157;0
7158;54
7159;270
7160;539
7161;766
7162;942
7163;1038
7164;1053
7165;943
7166;462
7167;369
7168;398
7169;170
7170;0
7171;0
7172;0
7173;0
7174;0
7175;0
7176;0
7177;0
7178;0
7179;0
7180;0
7181;0
7182;57
7183;293
7184;552
7185;779
7186;948
7187;1049
7188;1070
7189;780
7190;805
7191;535
7192;230
7193;159
7194;0
7195;0
7196;0
7197;0
7198;0
7199;0
7200;0
7201;0
7202;0
7203;0
7204;0
7205;0
7206;59
7207;298
7208;559
7209;780
7210;943
7211;1016
7212;1018
7213;731
7214;749
7215;586
7216;412
7217;172
7218;0
7219;0
7220;0
7221;0
7222;0
7223;0
7224;0
7225;0
7226;0
7227;0
7228;0
7229;0
7230;36
7231;158
7232;447
7233;275
7234;493
7235;931
7236;903
7237;753
7238;202
7239;302
7240;442
7241;172
7242;0
7243;0
7244;0
7245;0
7246;0
7247;0
7248;0
7249;0
7250;0
7251;0
7252;0
7253;0
7254;62
7255;308
7256;570
7257;790
7258;959
7259;1062
7260;1060
7261;901
7262;151
7263;671
7264;393
7265;180
7266;0
7267;0
7268;0
7269;0
7270;0
7271;0
7272;0
7273;0
7274;0
7275;0
7276;0
7277;0
7278;63
7279;306
7280;564
7281;786
7282;955
7283;1056
7284;1083
7285;1005
7286;801
7287;646
7288;424
7289;174
7290;0
7291;0
7292;0
7293;0
7294;0
7295;0
7296;0
7297;0
7298;0
7299;0
7300;0
7301;0
7302;17
7303;292
7304;545
7305;759
7306;945
7307;1055
7308;1064
7309;999
7310;738
7311;253
7312;366
7313;171
7314;0
7315;0
7316;0
7317;0
7318;0
7319;0
7320;0
7321;0
7322;0
7323;0
7324;0
7325;0
7326;23
7327;296
7328;504
7329;764
7330;945
7331;1010
7332;996
7333;902
7334;682
7335;505
7336;427
7337;175
7338;0
7339;0
7340;0
7341;0
7342;0
7343;0
7344;0
7345;0
7346;0
7347;0
7348;0
7349;0
7350;9
7351;44
7352;427
7353;769
7354;935
7355;870
7356;1013
7357;913
7358;790
7359;596
7360;419
7361;169
7362;0
7363;0
7364;0
7365;0
7366;0
7367;0
7368;0
7369;0
7370;0
7371;0
7372;0
7373;0
7374;32
7375;258
7376;400
7377;689
7378;869
7379;707
7380;738
7381;994
7382;636
7383;604
7384;333
7385;151
7386;0
7387;0
7388;0
7389;0
7390;0
7391;0
7392;0
7393;0
7394;0
7395;0
7396;0
7397;0
7398;12
7399;44
7400;92
7401;128
7402;448
7403;573
7404;675
7405;530
7406;561
7407;543
7408;49
7409;156
7410;0
7411;0
7412;0
7413;0
7414;0
7415;0
7416;0
7417;0
7418;0
7419;0
7420;0
7421;0
7422;34
7423;97
7424;353
7425;0
7426;0
7427;1010
7428;962
7429;1000
7430;604
7431;507
7432;241
7433;183
7434;0
7435;0
7436;0
7437;0
7438;0
7439;0
7440;0
7441;0
7442;0
7443;0
7444;0
7445;0
7446;29
7447;121
7448;326
7449;0
7450;377
7451;932
7452;847
7453;460
7454;130
7455;508
7456;176
7457;125
7458;0
7459;0
7460;0
7461;0
7462;0
7463;0
7464;0
7465;0
7466;0
7467;0
7468;0
7469;0
7470;13
7471;70
7472;109
7473;147
7474;594
7475;825
7476;916
7477;1038
7478;843
7479;403
7480;437
7481;181
7482;0
7483;0
7484;0
7485;0
7486;0
7487;0
7488;0
7489;0
7490;0
7491;0
7492;0
7493;0
7494;6
7495;68
7496;335
7497;409
7498;427
7499;265
7500;305
7501;175
7502;115
7503;94
7504;69
7505;23
7506;0
7507;0
7508;0
7509;0
7510;0
7511;0
7512;0
7513;0
7514;0
7515;0
7516;0
7517;0
7518;43
7519;99
7520;237
7521;393
7522;604
7523;729
7524;732
7525;600
7526;811
7527;666
7528;39
7529;168
7530;0
7531;0
7532;0
7533;0
7534;0
7535;0
7536;0
7537;0
7538;0
7539;0
7540;0
7541;0
7542;66
7543;137
7544;368
7545;660
7546;903
7547;965
7548;322
7549;822
7550;176
7551;277
7552;59
7553;134
7554;0
7555;0
7556;0
7557;0
7558;0
7559;0
7560;0
7561;0
7562;0
7563;0
7564;0
7565;0
7566;28
7567;126
7568;213
7569;69
7570;109
7571;527
7572;322
7573;984
7574;699
7575;441
7576;89
7577;17
7578;0
7579;0
7580;0
7581;0
7582;0
7583;0
7584;0
7585;0
7586;0
7587;0
7588;0
7589;0
7590;36
7591;277
7592;487
7593;759
7594;949
7595;1003
7596;984
7597;1006
7598;855
7599;581
7600;264
7601;132
7602;0
7603;0
7604;0
7605;0
7606;0
7607;0
7608;0
7609;0
7610;0
7611;0
7612;0
7613;0
7614;71
7615;277
7616;445
7617;688
7618;928
7619;1037
7620;875
7621;925
7622;869
7623;592
7624;331
7625;185
7626;0
7627;0
7628;0
7629;0
7630;0
7631;0
7632;0
7633;0
7634;0
7635;0
7636;0
7637;0
7638;57
7639;270
7640;462
7641;771
7642;948
7643;890
7644;966
7645;903
7646;870
7647;239
7648;242
7649;202
7650;0
7651;0
7652;0
7653;0
7654;0
7655;0
7656;0
7657;0
7658;0
7659;0
7660;0
7661;0
7662;18
7663;79
7664;147
7665;321
7666;511
7667;415
7668;441
7669;952
7670;724
7671;634
7672;398
7673;191
7674;0
7675;0
7676;0
7677;0
7678;0
7679;0
7680;0
7681;0
7682;0
7683;0
7684;0
7685;0
7686;38
7687;217
7688;497
7689;723
7690;835
7691;962
7692;692
7693;633
7694;396
7695;166
7696;433
7697;189
7698;0
7699;0
7700;0
7701;0
7702;0
7703;0
7704;0
7705;0
7706;0
7707;0
7708;0
7709;0
7710;21
7711;254
7712;538
7713;719
7714;910
7715;934
7716;1057
7717;996
7718;815
7719;628
7720;395
7721;174
7722;0
7723;0
7724;0
7725;0
7726;0
7727;0
7728;0
7729;0
7730;0
7731;0
7732;0
7733;0
7734;55
7735;279
7736;410
7737;568
7738;824
7739;989
7740;1028
7741;974
7742;660
7743;563
7744;392
7745;173
7746;0
7747;0
7748;0
7749;0
7750;0
7751;0
7752;0
7753;0
7754;0
7755;0
7756;0
7757;0
7758;58
7759;306
7760;552
7761;767
7762;934
7763;1051
7764;1022
7765;888
7766;816
7767;152
7768;129
7769;122
7770;0
7771;0
7772;0
7773;0
7774;0
7775;0
7776;0
7777;0
7778;0
7779;0
7780;0
7781;0
7782;65
7783;307
7784;542
7785;766
7786;938
7787;1044
7788;1028
7789;958
7790;835
7791;146
7792;90
7793;63
7794;0
7795;0
7796;0
7797;0
7798;0
7799;0
7800;0
7801;0
7802;0
7803;0
7804;0
7805;0
7806;29
7807;32
7808;96
7809;136
7810;158
7811;226
7812;276
7813;639
7814;350
7815;311
7816;261
7817;79
7818;0
7819;0
7820;0
7821;0
7822;0
7823;0
7824;0
7825;0
7826;0
7827;0
7828;0
7829;0
7830;6
7831;64
7832;128
7833;115
7834;233
7835;920
7836;719
7837;391
7838;870
7839;637
7840;433
7841;188
7842;0
7843;0
7844;0
7845;0
7846;0
7847;0
7848;0
7849;0
7850;0
7851;0
7852;0
7853;0
7854;49
7855;159
7856;145
7857;458
7858;186
7859;580
7860;281
7861;558
7862;870
7863;671
7864;464
7865;209
7866;0
7867;0
7868;0
7869;0
7870;0
7871;0
7872;0
7873;0
7874;0
7875;0
7876;0
7877;0
7878;59
7879;233
7880;391
7881;692
7882;724
7883;858
7884;787
7885;607
7886;143
7887;464
7888;131
7889;66
7890;0
7891;0
7892;0
7893;0
7894;0
7895;0
7896;0
7897;0
7898;0
7899;0
7900;0
7901;0
7902;12
7903;134
7904;317
7905;264
7906;407
7907;529
7908;736
7909;710
7910;729
7911;673
7912;411
7913;187
7914;0
7915;0
7916;0
7917;0
7918;0
7919;0
7920;0
7921;0
7922;0
7923;0
7924;0
7925;0
7926;42
7927;114
7928;156
7929;0
7930;888
7931;1046
7932;1099
7933;1045
7934;914
7935;701
7936;469
7937;201
7938;0
7939;0
7940;0
7941;0
7942;0
7943;0
7944;0
7945;0
7946;0
7947;0
7948;0
7949;0
7950;22
7951;107
7952;269
7953;0
7954;852
7955;845
7956;833
7957;781
7958;745
7959;594
7960;299
7961;223
7962;0
7963;0
7964;0
7965;0
7966;0
7967;0
7968;0
7969;0
7970;0
7971;0
7972;0
7973;0
7974;36
7975;123
7976;265
7977;483
7978;741
7979;756
7980;656
7981;965
7982;565
7983;318
7984;287
7985;25
7986;0
7987;0
7988;0
7989;0
7990;0
7991;0
7992;0
7993;0
7994;0
7995;0
7996;0
7997;0
7998;45
7999;198
8000;267
8001;448
8002;662
8003;802
8004;937
8005;843
8006;821
8007;404
8008;471
8009;218
8010;0
8011;0
8012;0
8013;0
8014;0
8015;0
8016;0
8017;0
8018;0
8019;0
8020;0
8021;0
8022;55
8023;304
8024;535
8025;758
8026;895
8027;922
8028;770
8029;830
8030;866
8031;511
8032;477
8033;199
8034;0
8035;0
8036;0
8037;0
8038;0
8039;0
8040;0
8041;0
8042;0
8043;0
8044;0
8045;0
8046;56
8047;289
8048;542
8049;736
8050;905
8051;921
8052;792
8053;906
8054;144
8055;63
8056;122
8057;177
8058;0
8059;0
8060;0
8061;0
8062;0
8063;0
8064;0
8065;0
8066;0
8067;0
8068;0
8069;0
8070;6
8071;26
8072;59
8073;104
8074;291
8075;268
8076;451
8077;798
8078;844
8079;675
8080;455
8081;223
8082;0
8083;0
8084;0
8085;0
8086;0
8087;0
8088;0
8089;0
8090;0
8091;0
8092;0
8093;0
8094;44
8095;289
8096;548
8097;775
8098;961
8099;1014
8100;838
8101;929
8102;797
8103;590
8104;108
8105;137
8106;0
8107;0
8108;0
8109;0
8110;0
8111;0
8112;0
8113;0
8114;0
8115;0
8116;0
8117;0
8118;26
8119;203
8120;350
8121;481
8122;787
8123;395
8124;854
8125;1022
8126;707
8127;289
8128;147
8129;237
8130;8
8131;0
8132;0
8133;0
8134;0
8135;0
8136;0
8137;0
8138;0
8139;0
8140;0
8141;0
8142;48
8143;171
8144;496
8145;723
8146;900
8147;991
8148;940
8149;154
8150;80
8151;87
8152;69
8153;118
8154;10
8155;0
8156;0
8157;0
8158;0
8159;0
8160;0
8161;0
8162;0
8163;0
8164;0
8165;0
8166;21
8167;62
8168;185
8169;560
8170;889
8171;874
8172;894
8173;973
8174;599
8175;396
8176;197
8177;225
8178;17
8179;0
8180;0
8181;0
8182;0
8183;0
8184;0
8185;0
8186;0
8187;0
8188;0
8189;0
8190;16
8191;76
8192;48
8193;68
8194;83
8195;106
8196;185
8197;555
8198;628
8199;400
8200;262
8201;117
8202;15
8203;0
8204;0
8205;0
8206;0
8207;0
8208;0
8209;0
8210;0
8211;0
8212;0
8213;0
8214;10
8215;50
8216;85
8217;99
8218;187
8219;377
8220;445
8221;301
8222;452
8223;108
8224;98
8225;128
8226;20
8227;0
8228;0
8229;0
8230;0
8231;0
8232;0
8233;0
8234;0
8235;0
8236;0
8237;0
8238;24
8239;102
8240;223
8241;271
8242;397
8243;625
8244;729
8245;958
8246;529
8247;114
8248;285
8249;162
8250;15
8251;0
8252;0
8253;0
8254;0
8255;0
8256;0
8257;0
8258;0
8259;0
8260;0
8261;0
8262;23
8263;100
8264;185
8265;144
8266;461
8267;1060
8268;1047
8269;855
8270;333
8271;148
8272;111
8273;205
8274;13
8275;0
8276;0
8277;0
8278;0
8279;0
8280;0
8281;0
8282;0
8283;0
8284;0
8285;0
8286;31
8287;169
8288;106
8289;254
8290;0
8291;1037
8292;1047
8293;1025
8294;928
8295;538
8296;428
8297;204
8298;18
8299;0
8300;0
8301;0
8302;0
8303;0
8304;0
8305;0
8306;0
8307;0
8308;0
8309;0
8310;22
8311;57
8312;286
8313;477
8314;597
8315;651
8316;717
8317;867
8318;425
8319;589
8320;359
8321;119
8322;17
8323;0
8324;0
8325;0
8326;0
8327;0
8328;0
8329;0
8330;0
8331;0
8332;0
8333;0
8334;21
8335;186
8336;285
8337;151
8338;435
8339;700
8340;950
8341;982
8342;782
8343;571
8344;65
8345;114
8346;20
8347;0
8348;0
8349;0
8350;0
8351;0
8352;0
8353;0
8354;0
8355;0
8356;0
8357;0
8358;27
8359;87
8360;239
8361;292
8362;512
8363;469
8364;519
8365;590
8366;908
8367;480
8368;409
8369;239
8370;29
8371;0
8372;0
8373;0
8374;0
8375;0
8376;0
8377;0
8378;0
8379;0
8380;0
8381;0
8382;35
8383;250
8384;383
8385;638
8386;380
8387;167
8388;167
8389;232
8390;402
8391;454
8392;347
8393;135
8394;24
8395;0
8396;0
8397;0
8398;0
8399;0
8400;0
8401;0
8402;0
8403;0
8404;0
8405;0
8406;28
8407;186
8408;402
8409;660
8410;673
8411;1034
8412;911
8413;1053
8414;509
8415;726
8416;335
8417;204
8418;29
8419;0
8420;0
8421;0
8422;0
8423;0
8424;0
8425;0
8426;0
8427;0
8428;0
8429;0
8430;9
8431;126
8432;226
8433;497
8434;760
8435;918
8436;609
8437;586
8438;163
8439;545
8440;323
8441;125
8442;25
8443;0
8444;0
8445;0
8446;0
8447;0
8448;0
8449;0
8450;0
8451;0
8452;0
8453;0
8454;13
8455;53
8456;65
8457;116
8458;364
8459;588
8460;581
8461;624
8462;160
8463;91
8464;125
8465;102
8466;20
8467;0
8468;0
8469;0
8470;0
8471;0
8472;0
8473;0
8474;0
8475;0
8476;0
8477;0
8478;35
8479;133
8480;428
8481;621
8482;710
8483;950
8484;825
8485;723
8486;705
8487;173
8488;182
8489;251
8490;24
8491;0
8492;0
8493;0
8494;0
8495;0
8496;0
8497;0
8498;0
8499;0
8500;0
8501;0
8502;23
8503;191
8504;284
8505;616
8506;899
8507;971
8508;945
8509;559
8510;497
8511;342
8512;234
8513;31
8514;20
8515;0
8516;0
8517;0
8518;0
8519;0
8520;0
8521;0
8522;0
8523;0
8524;0
8525;0
8526;19
8527;24
8528;97
8529;134
8530;236
8531;184
8532;337
8533;576
8534;688
8535;629
8536;464
8537;261
8538;33
8539;0
8540;0
8541;0
8542;0
8543;0
8544;0
8545;0
8546;0
8547;0
8548;0
8549;0
8550;38
8551;165
8552;200
8553;213
8554;488
8555;867
8556;979
8557;829
8558;440
8559;728
8560;419
8561;171
8562;41
8563;0
8564;0
8565;0
8566;0
8567;0
8568;0
8569;0
8570;0
8571;0
8572;0
8573;0
8574;25
8575;138
8576;248
8577;463
8578;546
8579;691
8580;871
8581;626
8582;203
8583;82
8584;210
8585;85
8586;7
8587;0
8588;0
8589;0
8590;0
8591;0
8592;0
8593;0
8594;0
8595;0
8596;0
8597;0
8598;19
8599;106
8600;193
8601;174
8602;730
8603;975
8604;610
8605;841
8606;656
8607;294
8608;199
8609;142
8610;23
8611;0
8612;0
8613;0
8614;0
8615;0
8616;0
8617;0
8618;0
8619;0
8620;0
8621;0
8622;17
8623;116
8624;281
8625;617
8626;846
8627;865
8628;360
8629;109
8630;111
8631;666
8632;360
8633;42
8634;18
8635;0
8636;0
8637;0
8638;0
8639;0
8640;0
8641;0
8642;0
8643;0
8644;0
8645;0
8646;16
8647;58
8648;96
8649;140
8650;215
8651;630
8652;667
8653;947
8654;634
8655;251
8656;237
8657;202
8658;31
8659;0
8660;0
8661;0
8662;0
8663;0
8664;0
8665;0
8666;0
8667;0
8668;0
8669;0
8670;21
8671;142
8672;306
8673;514
8674;568
8675;521
8676;457
8677;826
8678;870
8679;590
8680;310
8681;196
8682;32
8683;0
8684;0
8685;0
8686;0
8687;0
8688;0
8689;0
8690;0
8691;0
8692;0
8693;0
8694;13
8695;201
8696;473
8697;544
8698;630
8699;837
8700;912
8701;998
8702;449
8703;83
8704;289
8705;271
8706;38
8707;0
8708;0
8709;0
8710;0
8711;0
8712;0
8713;0
8714;0
8715;0
8716;0
8717;0
8718;28
8719;242
8720;445
8721;721
8722;755
8723;1012
8724;912
8725;283
8726;307
8727;353
8728;130
8729;206
8730;47
8731;0
8732;0
8733;0
8734;0
8735;0
8736;0
8737;0
8738;0
8739;0
8740;0
8741;0
8742;16
8743;45
8744;112
8745;117
8746;144
8747;368
8748;554
8749;333
8750;682
8751;506
8752;145
8753;188
8754;34
8755;0
8756;0
8757;0
8758;0
8759;0
